System,Defense
Neanderthal Megafauna Councils,Temporary war parties
Denisovan Cave Networks,Temporary war parties
Paleo-Siberian Mammoth Ivory Councils,Temporary war parties
Natufian Grain Storage Pacts,Tribal militias
Jomon Shellfish Consensus,Tribal militias
Clovis Megafauna Quotas,Temporary war parties
San Xaro Networks,Tribal militias
Ainu Bear Ritual Governance,Permanent warrior class
Indigenous IPLCs,Tribal militias
Yolngu Aboriginal Kinship,Tribal militias
Fuegian Canoe Councils,Temporary war parties
Aboriginal Tjurunga Councils,Tribal militias
Cucuteni-Trypillia Mega-Settlements,Settlement militias
Nubian Qustul Sacral Kingship,Standing army
Sumerian Temple States,Standing army
Indus Priest-Kings,Standing army
Egyptian Nomarchies,Standing army
Xia Dynasty Hydraulic Rule,Standing army
Minoan Thalassocracy,Naval forces
Poverty Point Earthwork League,Tribal militias
Hittite Panku Council,Standing army
Hittite Sun Priest-Kings,Standing army
Mycenaean Wanax System,Standing army
Shang Dynasty Oracle Kings,Standing army
Vedic Sabha Assemblies,Tribal militias
Lapita Voyaging Networks,Naval war parties
Olmec Were-Jaguar Cult,Permanent warrior class
Zhou Dynasty Mandate of Heaven,Standing army
Hallstatt Salt Lords,Feudal levies
Phoenician Merchant Oligarchies,Naval forces
Adena Moundbuilder Councils,Tribal militias
Nok Terracotta Chiefdoms,Feudal levies
Andean Ayllu Systems,Tribal militias
Assyrian Military Autocracy,Standing army
Urartian Hydraulic Kings,Standing army
Phrygian Matar Cult,Tribal militias
Etruscan Haruspex Diviners,Feudal levies
Sabaean Dam Council,Standing army
Kingdom of Kush,Standing army
Scythian Kurgan Diarchy,Temporary war parties
Etruscan Lucumones,Feudal levies
Lydian Electrum Oligarchy,Mercenaries
Persian Satrapy System,Standing army
Roman Republic,Standing army
Athenian Democracy,Citizen militia
Celtic Druidic Synods,Permanent warrior class
Roman Collegia Guild Republics,Urban militias
Bantu Mfecane Councils,Temporary war parties
Proto-Norse Thing Assemblies,Temporary war parties
Zapotec Glyph-Judge System,Permanent warrior class
Berber Amazigh Councils,Tribal militias
La Tène Tribal Federations,Temporary war parties
Rhodes Naval Oligarchy,Naval forces
Syracusan Mathematical Tyrants,Mercenaries
Nabatean Water Merchants,Tribal militias
Garamantian Foggaras,Tribal militias
Theban Sacred Band Oligarchy,Permanent warrior class
Qi Jixia Academy,Standing army
Mauryan Arthashastra State,Standing army
Yuezhi Nomad Diarchy,Temporary war parties
Sarmatian Female Warbands,Permanent warrior class
D'mt Beehive Councils,Tribal militias
Bactrian Greek Syncretism,Standing army
Qin Legalism,Standing army
Han Dynasty Examination Prototype,Standing army
Hopewell Copper Exchange,Tribal militias
Teotihuacan Theocratic Oligarchy,Permanent warrior class
Mogollon Pit-House Democracies,Tribal militias
Kushan Devaputra,Standing army
Silla Bone-Rank System,Permanent warrior class
Moche Sacrificial Hydraulics,Permanent warrior class
Moche Ceremonial Brewmasters,Tribal militias
Champa Linga-Kings,Standing army
Blemmyes Desert Assemblies,Tribal militias
Khotanese Buddhist Monarchy,Standing army
Tairona Gold-Shaman Councils,Permanent warrior class
Mayan Ajaw System,Permanent warrior class
Pallava Guild Republics,Standing army
Pictish Matrilineal Kings,Feudal levies
Gupta Golden Age,Standing army
Ghana Empire Wagadu,Standing army
Marajoara Amazonian Queens,Tribal militias
Visigothic Code Judges,Feudal levies
Sogdian Merchant-Republics,Mercenaries
Frisian Tribal Thing,Tribal militias
Sogdian Merchant Caravanserais,Mercenaries
Dalriada Gaelic Law Schools,Feudal levies
Sao Clay Wall Cities,Settlement militias
Irish Brehon Law,Feudal levies
Calusa Shell Mound Kingdom,Tribal militias
Chumash Tomol Canoe Guilds,Naval militias
Sámi Siida Councils,Tribal militias
Göktürk Orkhon Script Khans,Temporary war parties
Wari Tinku Labor System,Standing army
Tang Dynasty Keju,Standing army
Tang Fanzhen Clans,Standing army
Khazar Jewish Khaganate,Standing army
Srivijayan Maharaja Mandala,Naval forces
Srivijayan Mandala,Naval forces
Byzantine Theme System,Standing army
Venetian Republic,Naval forces
Kanem Duguwa Nomad-Kings,Temporary war parties
Anasazi Kiva Water Councils,Tribal militias
Viking Law Speakers,Temporary war parties
Welsh Cantrefi,Feudal levies
Orkney Jarl Sea-Kingdoms,Temporary war parties
Chachapoya Cloud Forest Clans,Permanent warrior class
Frisian Sea-Law Republics,Tribal militias
Frisian Moot Hall Democracy,Tribal militias
Taino Cacique Matrilineage,Tribal militias
Holy Roman Imperial Diarchy,Feudal levies
Domari Blacksmith Networks,Tribal militias
Khmer Devaraja,Standing army
Ghana Empire,Standing army
Pagan Temple-State,Standing army
Chola Naval Assemblies,Naval forces
Toltec Warrior-Priest State,Permanent warrior class
Toltec Warrior-Poet State,Permanent warrior class
Pomeranian Veleti Tribal Republic,Tribal militias
Volga Bulgar Islamic Merchants,Standing army
Faroe Islands Løgting,Tribal militias
Icelandic Commonwealth,Tribal militias
Icelandic Althing,Tribal militias
Althingi Carbon-Neutral Parliament,Standing army
Nri Kingdom Pacifist Theocracy,Non-violent resistance
Tongan Maritime Tui Empire,Naval forces
Manx Tynwald,Tribal militias
Jomsviking Warrior Commune,Permanent warrior class
Greenland Norse Althing,Tribal militias
Gotlandic Sea-Farmer Althing,Tribal militias
Ruthenian Viche,Tribal militias
Swahili Waungwana Councils,Naval forces
Nan Madol Coral Kingdoms,Naval forces
Timucua Waterborne Councils,Tribal militias
Finnish Kalevala Singing Governors,Tribal militias
Sami Noaide Shamanic Bands,Tribal militias
Tahitian Arioi Cult Society,Tribal militias
Siberian Yukaghir Moon Calendar,Tribal militias
Hawaiian Kapu System,Permanent warrior class
Hawaiian Ahupuaʻa System,Tribal militias
Fijian Bati Warrior Guilds,Permanent warrior class
Saho-Irob Mountain Democracies,Tribal militias
Yoruba Ogboni Earth Justice,Tribal militias
Igbo Umunna Councils,Tribal militias
Yupik Bladder Festival Rule,Tribal militias
Marshallese Stick Chart Navigators,Naval militias
Samoan Matai Talking Chiefs,Tribal militias
Nenets Yamal Clan Councils,Tribal militias
Xingu Tribal Aquatic Law,Tribal militias
Faroese Sheep Court,Tribal militias
Seljuk Iqta System,Standing army
Almoravid Lamtuna Councils,Standing army
Cahokia Birdman Dynasty,Tribal militias
Norman Feudal Domesday,Feudal levies
Cuman Tribal Federations,Temporary war parties
Great Zimbabwe Rain Priests,Standing army
Frisian Sea-Law Tribunals,Tribal militias
Kanem-Bornu Sufi Knights,Standing army
Mossi Naam Militias,Permanent warrior class
Maldivian Furya Coral Councils,Naval militias
Pueblo Kiva Councils,Tribal militias
Romani Kris Councils,Tribal militias
Venetian Arsenal Guilds,Naval forces
Khmer Water Mandala,Standing army
Novgorod Veche Republic,Urban militias
Haudenosaunee (Iroquois) Great Law of Peace,Tribal confederation forces
Cathar Perfecti Councils,Religious militias
Neom Algorithmic Governance (Projected),Private security
Mars Direct Democracy (Projected),Standing army
Quantum Tribal DAO (Speculative),Non-violent resistance
Titan Methane Syndicates,Private security
Quantum Iroquois Longhouse,Non-violent resistance
Neo-Olmec Ballgame Arbitration,Non-violent resistance
Europan Hydrothermal Commune,Non-violent resistance
Venusian Acidocracy,Private security
Hanseatic Kontor,Private security
Bavarian Beer Hall Communes,Urban militias
Javanese Kabuyutan Councils,Religious militias
Kven Arctic Trader Networks,Tribal militias
Rapa Iti Tūtae Councils,Tribal militias
Rapa Nui Tangata Manu Trials,Tribal militias
Rapa Nui Birdman Cult,Tribal militias
Benin Oba Eweka Dynasty,Standing army
Benin Oba Divine Kingship,Standing army
Evenk Tungus Clan Federations,Tribal militias
Alpine Pastoral Communes,Tribal militias
Maluku Sasi Harvest Bans,Tribal militias
Inuit Qaggiq Ice-Block Parliaments,Tribal militias
Cornish Stannary,Tribal militias
Mongolian Kurultai,Temporary war parties
Delhi Sultanate Slave Kings,Standing army
Magna Carta Baronage,Feudal levies
Transylvanian Saxon Seats,Urban militias
Teutonic Ordensstaat,Permanent warrior class
Mali Mansa Rule,Standing army
Golden Horde Yam System,Standing army
Lithuanian Pagan Kings,Feudal levies
Rhenish City Leagues,Urban militias
Genoese Black Sea Colonies,Naval forces
Yuan Semu Caste System,Standing army
Andorran Co-Principality,Feudal levies
Swiss Cantonal Militias,Citizen militia
Majapahit Terracotta Bureaucracy,Standing army
Venetian Merchant Oligarchy,Naval forces
Māori Umu Tī Earth Oven Parleys,Tribal militias
Māori Iwi River Federations,Tribal militias
Buganda Clan-Based Monarchy,Standing army
Timbuktu Qadi Scholar-Judges,Religious militias
Wolof Garmi Anti-Corruption,Standing army
Wolof Ceddo Slave Armies,Permanent warrior class
Ayutthaya Elephant Bureaucracy,Standing army
Lan Xang Million Elephant Kings,Standing army
Hanseatic League,Naval forces
Rhenish Hanseatic Cities,Urban militias
Ragusan Aristocratic Republic,Naval forces
Ming Yellow Register Census,Standing army
Kongo Mbanza Council,Standing army
Bamum Script Bureaucracy,Standing army
Joseon Confucian Bureaucracy,Standing army
Malacca Straits Mandala,Naval forces
Scottish Tacksmen,Feudal levies
Circassian Xabze Councils,Tribal militias
Akan Amanhene Gold States,Standing army
Jukun Aku Oracle Kings,Standing army
Kiribati Maneaba Councils,Tribal militias
Vlax Rom Baro Systems,Tribal militias
Aztec Triple Alliance,Permanent warrior class
Ryukyu Gusuku Trade Kingdom,Naval forces
Ryukyu Maritime Tributary,Naval forces
Inca Tawantinsuyu,Standing army
Ottoman Millet System,Standing army
Pampas Querandí Nomadism,Temporary war parties
Breton Parish Closes,Religious militias
Sami Reindeer Herding Units,Tribal militias
Shilluk Divine Kingship,Standing army
Sinti Musical Guilds,Tribal militias
Kalderash Gold-Smithing Dynasties,Tribal militias
Sennar Funj Sultanate,Standing army
Mughal Mansabdari System,Standing army
Habsburg Composite Monarchy,Standing army
Cossack Sich Republic,Temporary war parties
Mapuche Parlamento Confederacy,Tribal militias
Polish-Lithuanian Elective Monarchy,Standing army
Powhatan Paramount Chiefdom,Tribal militias
Dutch Republic States-General,Naval forces
Luba Bambudye Memory State,Standing army
Tahitian Arioi Society,Tribal militias
Maroon Palenque Republics,Tribal militias
Lunda Ruwej Matrilineacy,Standing army
Dahomey Mino Amazon State,Permanent warrior class
Kuba Bushong Cloth Kings,Standing army
Imbangala Kilombo,Permanent warrior class
Romanichal Wagon Republics,Tribal militias
Koryak Reindeer-Oracle System,Tribal militias
Ket Yenisei Fish-Taboo Councils,Tribal militias
Lozi Litunga Flood Kings,Standing army
Tokugawa Bakufu,Standing army
Tokugawa Sankin-Kotai,Standing army
Bermudian Parliamentary Hybrid,Naval forces
Kalmyk Khanate Nomadic Parliament,Temporary war parties
Qing Lifan Yuan Tributaries,Standing army
Tibetan Ganden Phodrang,Religious militias
Qing Dynasty Banner System,Standing army
Leveller Agitators,Revolutionary militias
Digger Communes,Non-violent resistance
Pirate Articles,Naval forces
Barbuda Communal Land System,Tribal militias
British Parliamentary System,Standing army
Blackfoot Confederacy,Tribal militias
Haida Potlatch Governance,Tribal militias
Tlingit Potlatch Confederacy,Tribal militias
Merina Andriana Castes,Standing army
Chukchi Whalebone Assemblies,Tribal militias
Tswana Kgotla,Tribal militias
Malagasy Fokonolona,Tribal militias
Fante Asafo Companies,Tribal militias
Vanuatu Nimangki Grade-taking,Tribal militias
Irish Traveller Cant Systems,Tribal militias
Arctic Nenets Yamal Councils,Tribal militias
Ashanti Golden Stool Confederacy,Standing army
Sikh Misldar Confederacy,Tribal militias
Liechtenstein Direct Monarchy,Standing army
Aleut Unangan Whalebone Chiefs,Tribal militias
Konbaung Hluttaw,Standing army
Metis Buffalo Councils,Tribal militias
Haitian Revolutionary Councils,Revolutionary militias
Freetown Settler Democracy,Standing army
Batavian Republic,Standing army
Napoleonic Meritocracy,Standing army
Cheyenne Council of 44,Tribal militias
Palauan Stone Money Yap,Tribal militias
Yenish Horse-Tribes,Tribal militias
Scottish Traveller Peat Laws,Tribal militias
Åland Islands Neutrality,Non-violent resistance
Zanzibar Clove Plantation Councils,Standing army
Zulu Impi Regiments,Permanent warrior class
Utopian Socialist Colonies,Non-violent resistance
Cherokee Constitutional Republic,Tribal militias
Maohi Tapu System,Tribal militias
Sorbian Serbski Sejm,Tribal militias
Swiss Consensus Democracy,Citizen militia
Manush Circus Kingdoms,Tribal militias
Taiping Heavenly Kingdom,Revolutionary militias
Liechtenstein Direct Democracy,Standing army
Meiji Oligarchy,Standing army
Paris Commune,Revolutionary militias
Bamum Scriptocracy,Standing army
Pavee Road Councils,Tribal militias
Kibbutz Movement,Non-violent resistance
Weimar Coalition Governance,Standing army
Tuvan People's Republic,Tribal militias
Soviet Republics System,Standing army
UN Trusteeship Councils,Standing army
United Nations Security Council,Standing army
Apartheid Bantustans,Standing army
Tokelau Village Atoll Consensus,Non-violent resistance
Cuban Revolutionary Committees,Standing army
Singaporean Technocracy,Standing army
Botswana Tribal Democracy,Standing army
Tanzanian Ujamaa Villages,Tribal militias
Sealand Data Haven,Non-violent resistance
United Arab Emirates Tribal Technocracy,Standing army
Libyan Jamahiriya,Standing army
Nordic Sami Parliaments,Non-violent resistance
Norwegian Sovereign Wealth Democracy,Standing army
Indian Panchayati Raj,Standing army
European Union Governance,Standing army
Post-Apartheid Ubuntu Democracy,Standing army
Zapatista Caracoles,Revolutionary militias
Rwandan Unity Government,Standing army
Ubuntu Councils,Non-violent resistance
Kerala People’s Planning,Standing army
Estonian Digital Democracy,Standing army
Bhutanese Gross National Happiness,Standing army
Bitcoin Decentralized Governance,Non-violent resistance
Bolivian Plurinational State,Standing army
Icelandic Crowdsourced Constitution,Standing army
Silicon Valley Corporate Polities,Private security
Charter Cities Experiment,Private security
Rojava Democratic Confederalism,Revolutionary militias
Taiwanese Digital Democracy,Standing army
Seasteading Floating Cities,Private security
GitDAO Open-Source Polity,Non-violent resistance
Cubian Solar Microgrid Communes,Non-violent resistance
Chilean Constitutional Experiment,Standing army