System,Legitimacy,Decision-making,Resource allocation,Defense,Military Technology,Information,Social integration,Succession,Adaptability,Long-Term Stewardship,Transboundary Coordination,Existential Risk Mitigation,Epistemic Governance
Neanderthal Megafauna Councils,Gerontocratic authority,Gerontocratic Warlordism,Seasonal hunting quotas,Temporary war parties,Spear/hide armor,Bone tally sticks,Kinship networks,Last survivor,Collapse/Rebirth: Rigid traditions limiting response to climate shifts,Taboo-protected hunting grounds,Inter-clan gift exchanges,None (localized threats),Oral mnemonics
Denisovan Cave Networks,Ancestral cave rights,Mobile Band Democracy,Foraging territories,Temporary war parties,Obsidian tools,Ritual cave markings,Kinship alliances,Charismatic selection,Syncretism: Mobile flexibility blending multiple band strategies,Sacred cave preservation,Seasonal migration pacts,None (localized threats),Topographic memory
Natufian Grain Storage Pacts,Harvest rituals,Proto-Agricultural Council,Seed banks,Tribal militias,Sling militias,Stone tally marks,Feasting cycles,Rotation,Reform: Early agrarian adaptation through storage protocols,Granary protection,Wild grain exchanges,None (localized threats),Lunar calendars
Jomon Shellfish Consensus,Tidal zone rights,Ecological Democracy,Shellfish beds,Tribal militias,Shell midden fortifications,Shell layer tallies,Potlatch feasts,Rotation,Crisis-Specific Innovation: Sustainable coastal management via midden tallies,Shell mound rituals,Maritime trade,Low (sustainable practices),Tidal markers
Clovis Megafauna Quotas,Hunting prowess,Paleolithic Craft Guild,Big game quotas,Temporary war parties,Fluted points,Stone tool exchanges,Kin-based hunting bands,Merit-based,Collapse/Rebirth: Overhunting leading to ecological collapse,Migration route preservation,Flint trade,None (overhunting risk),Animal tracking
San Xaro Networks,Reciprocal obligation,Gift Exchange Democracy,Waterhole access,Tribal militias,Poison arrows,Ritual hxaro gifts,Marriage alliances,Consensus,Syncretism: Desert-adaptive gift economies,Sacred water sites,Trans-Kalahari networks,Medium (drought adaptation),Rain dances
Ainu Bear Ritual Governance,Bear ceremonialism,Animist Ritual Autocracy,Salmon runs,Permanent warrior class,Bear-tooth armor,Bear skull oracles,Seasonal festivals,Charismatic,Syncretism: Ritualized ecology blending spiritual/resource management,Bear sentience beliefs,Coastal trade,Low (local taboos),Dream interpretation
Indigenous IPLCs,Dreamtime law,Biocultural Stewardship,Fire-stick farming,Tribal militias,Boomerangs,Dreamtime law,Songline kinship,Consensus,Reform: Millennia-tested adaptive practices,Sacred site curation,Inter-nation corroborees,High (long-term stewardship),Ecological lore
Yolngu Aboriginal Kinship,Songline authority,Kinship Network,Waterhole rights,Tribal militias,Didgeridoo signals,Song cycles,Moieties system,Oral tradition,Crisis-Specific Innovation: Drought-resilient songline navigation,Clan totem protection,Macassan trade,Medium (climate adaptation),Astronomical chants
Fuegian Canoe Councils,Maritime kinship,Nautical Band Democracy,Kelp beds,Temporary war parties,Harpoon raids,Tide calendars,Initiation rites,Consensus,Syncretism: Cold-adapted maritime decision cycles,Taboo fishing zones,Canoe relay networks,<contentious>,Wave navigation
Aboriginal Tjurunga Councils,Sacred object custody,Sacred Law Network,Bush tucker routes,Tribal militias,Nulla nulla,Songline navigation,Skin groups,Elder consensus,Reform: Fire ecology mastery through sacred law,Songline preservation,Pituri trade,<contentious>,Ceremonial art
Cucuteni-Trypillia Mega-Settlements,Household federations,Communal Proto-Democracy,Grain stores,Settlement militias,Palissade walls,Seasonal assembly votes,Ceremonial burnings,Consensus,Reform: Burn-rotate agricultural proto-cities,Clay figurine rituals,Danube trade,<contentious>,Goddess cults
Nubian Qustul Sacral Kingship,Divine cattle cult,Proto-Theocracy,Irrigation canals,Standing army,Archer militias,Ritual iconography,Cattle kinship,Unknown,Collapse/Rebirth: Nile-dependent divine kingship,Sacred cattle herds,Kerma trade,<contentious>,Stellar alignments
Sumerian Temple States,Ziggurat theocracy,Temple Communism,Barley rations,Standing army,Mudbrick walls,Cuneiform tablets,Patron deities,Appointment,Reform: Early bureaucratic redistribution,Sacred granaries,Mesopotamian trade,<contentious>,Astrological records
Indus Priest-Kings,Bath purification,Urban Theocracy,Cotton distribution,Standing army,Copper weapons,Seal-stamp bureaucracy,Great Bath rituals,Unknown,Syncretism: Planned cities with standardized weights,Wastewater systems,Meluhha trade,<contentious>,Yoga postures
Egyptian Nomarchies,Pharaonic decree,Precinct Feudalism,Nile flood basins,Standing army,Nubian mercenaries,Hieroglyph decrees,Nome festivals,Hereditary,Reform: Flood-adaptive regional governance,Nilometer records,Sinai expeditions,<contentious>,Medical papyri
Xia Dynasty Hydraulic Rule,Yellow River cult,Hydraulic Despotism,Millet stores,Standing army,Bronze halberds,Bronze vessel edicts,Dragon mythology,Hereditary,Crisis-Specific Innovation: Silt management bureaucracy,Dike maintenance,Jade trade,<contentious>,Oracle bones
Minoan Thalassocracy,Bull-leaping cult,Maritime Theocracy,Olive oil stores,Naval forces,Double-axes,Linear A tablets,Labyrinth rituals,Dynastic,Syncretism: Tsunami-resistant maritime network,Sacred groves,Aegean trade,<contentious>,Dolphin frescoes
Poverty Point Earthwork League,Astronomical alignments,Geometric Confederacy,Shell trade,Tribal militias,Earthwork bastions,Earthwork alignments,Moundbuilder clans,Consensus,Syncretism: Geometric trade hub organization,Solstice markers,Mississippi trade,<contentious>,Bird effigies
Hittite Panku Council,Storm god oracle,Constitutional Oligarchy,Iron distribution,Standing army,Chariot armies,Cuneiform law codes,Sun festivals,Elective,Reform: Constitutional checks on kingship,Grain silos,Anatolian trade,<contentious>,Lion gate symbology
Hittite Sun Priest-Kings,Solar deity cult,Theocratic Monarchy,Silver mines,Standing army,Hittite triple walls,Cuneiform tablets,Luwian syncretism,Hereditary,Collapse/Rebirth: Bronze Age collapse vulnerability,Sacred springs,Kizzuwatna treaties,<contentious>,Hurrian hymns
Mycenaean Wanax System,Wanax divine rule,Military Monarchy,Olive/wine stores,Standing army,Cyclopean walls,Linear B tablets,Megaron cults,Dynastic,Collapse/Rebirth: Sea Peoples invasion collapse,Beehive tombs,Amber trade,<contentious>,Nestor's Cup
Shang Dynasty Oracle Kings,Dragon bone divination,Theocratic Monarchy,Bronze workshops,Standing army,Chariot units,Oracle bone scripts,Ancestor worship,Hereditary,Syncretism: Divination-based dynastic cycles,Sacred forests,Silk routes,<contentious>,Turtle plastrons
Vedic Sabha Assemblies,Fire sacrifice,Tribal Democracy,Cattle herds,Tribal militias,Rigvedic hymns,Fire rituals,Varna system,Election,Reform: Pastoral resilience through fire rituals,Sacred cows,Indus trade,<contentious>,Sanskrit meters
Lapita Voyaging Networks,Star navigation,Maritime Segmentary Democracy,Taro pits,Naval war parties,Outrigger canoes,Pottery designs,Clan tattoos,Charismatic,Syncretism: Oceanic expansion via pottery trade routes,Taboo reefs,Obsidian trade,<contentious>,Tattoo charts
Olmec Were-Jaguar Cult,Jaguar transformation,Iconic Theocracy,Maize stores,Permanent warrior class,Basalt maces,Colossal head carvings,Ballgame rituals,Charismatic,Collapse/Rebirth: Deforestation crisis,Jade cache rituals,Mesoamerican trade,<contentious>,Zero concept
Zhou Dynasty Mandate of Heaven,Celestial mandate,Sacred Feudalism,Well-field system,Standing army,Crossbow units,Bronze inscriptions,Ancestor veneration,Hereditary,Reform: Feudal adaptation under ritual monarchy,Nine Tripods cult,Jade diplomacy,<contentious>,I Ching
Hallstatt Salt Lords,Salt god cult,Resource Oligarchy,Salt mines,Feudal levies,Hillforts,Wagon track taxes,Amber trade,Hereditary,Syncretism: Alpine trade isolation strategies,Salt springs,Danube trade,<contentious>,Solar chariots
Phoenician Merchant Oligarchies,Melqart temple,Plutocratic Republic,Purple dye,Naval forces,Ship rams,Alphabet contracts,Tyre festivals,Elective,Reform: Maritime innovation through purple dye cartels,Cedar forest protection,Mediterranean trade,<contentious>,Glass recipes
Adena Moundbuilder Councils,Earthwork geometry,Ritual Theocracy,Pipestone quarries,Tribal militias,Effigy mounds,Effigy pipes,Copper cult,Consensus,Syncretism: Hopewell transition through earthworks,Burial mound astronomy,Great Lakes trade,<contentious>,Eagle pipes
Nok Terracotta Chiefdoms,Ancestral clay,Ritual Oligarchy,Iron smelting,Feudal levies,Wooden shields,Clay divination tokens,Terracotta cult,Appointment,Collapse/Rebirth: Deforestation-induced collapse,Sacred groves,Trans-Saharan trade,<contentious>,Lost-wax casting
Andean Ayllu Systems,Pachamama cult,Labor Communism,Terrace farming,Tribal militias,Slings,Quipu accounting,Mit'a labor,Rotation,Reform: Vertical ecology through labor reciprocity,Seed banks,Inka road system,<contentious>,Khipu knots
Assyrian Military Autocracy,Ashur worship,Military Despotism,Deportee labor,Standing army,Lamassu guardians,Cuneiform decrees,Imperial propaganda,Hereditary,Collapse/Rebirth: Overextension through terror governance,Botanical gardens,Silk Road garrisons,<contentious>,Library of Ashurbanipal
Urartian Hydraulic Kings,Storm god cult,Alpine Hydraulic Despotism,Canal irrigation,Standing army,Arrow volleys,Cuneiform irrigation decrees,Van lake cult,Hereditary,Crisis-Specific Innovation: Mountain cistern networks,Fruit tree grafts,Anatolian trade,<contentious>,Cuneiform hymns
Phrygian Matar Cult,Mother goddess,Gynocratic Theocracy,Textile workshops,Tribal militias,Loom weights,Loom weights,Cybele rites,Appointment,Collapse/Rebirth: Lydian conquest vulnerability,Beehive stewardship,Gordion trade,<contentious>,Drum rituals
Etruscan Haruspex Diviners,Liver divination,Divinatory Autocracy,Bronze workshops,Feudal levies,Bronze liver models,Bronze liver models,Augury colleges,Appointment,Syncretism: Roman assimilation via liver divination,Sacred springs,Amber routes,<contentious>,Templum grids
Sabaean Dam Council,Moon god cult,Hydro-Theocracy,Spice stores,Standing army,Marib dam,Inscription laws,Incense trade,Hereditary,Crisis-Specific Innovation: Desert hydraulics at Marib Dam,Qanat systems,Frankincense routes,<contentious>,Astral navigation
Kingdom of Kush,Amun syncretism,Sacred Monarchy,Gold mines,Standing army,Pyramid garrisons,Pyramid inscriptions,Kandake queens,Matrilineal,Reform: Napatan revival blending Egyptian/African traditions,Meroitic script,Nile trade,<contentious>,Iron smelting
Scythian Kurgan Diarchy,Animal style art,Steppe Dual Monarchy,Horse herds,Temporary war parties,Gold plaques,Gold plaques,Kurgan burials,Elective,Syncretism: Steppe dual kingship under Persian pressure,Burial mounds,Silk Road,<contentious>,Tattoo codes
Etruscan Lucumones,Augury rites,Elective Monarchy,Vineyards,Feudal levies,Liver divination,Liver divination,League of 12,Appointment,Collapse/Rebirth: Roman conquest assimilation,Sacred groves,Tyrrhenian trade,<contentious>,Bronze mirrors
Lydian Electrum Oligarchy,Gold refinement,Plutocratic Autocracy,Coin mints,Mercenaries,Electrum coins,Coinage laws,Sardis markets,Usurpation,Reform: Monetary innovation through first coinage,Pactolus River,Anatolian trade,<contentious>,Gymnasium culture
Persian Satrapy System,Ahura Mazda,Imperial Bureaucracy,Royal road,Standing army,Parsi regiments,Firman decrees,Zoroastrianism,Appointment,Syncretism: Multicultural imperial bureaucracy,Qanat irrigation,Silk Road,<contentious>,Cyrus Cylinder
Roman Republic,Senatorial auctoritas,Mixed Constitution,Grain dole,Standing army,Legion eagles,Tabula laws,Paterfamilias,Elective,Reform: Legal evolution through mixed constitution,Aqueducts,Mare Nostrum,<contentious>,Stoic philosophy
Athenian Democracy,Isonomia,Direct Democracy,Liturgies,Citizen militia,Triremes,Ostraka voting,Ostracism,Lottery,Reform: Democratic experiments including ostracism,Delian League,Hellenic sympoliteia,<contentious>,Platonic Academy
Celtic Druidic Synods,Oak grove sanctity,Scholastic Oligarchy,Clientage,Permanent warrior class,Woad warriors,Ogham script,Samhain rites,Appointment,Collapse/Rebirth: Roman suppression of oral law systems,Sacred groves,Amber routes,<contentious>,Druid colleges
Roman Collegia Guild Republics,Corpus juris,Corporatist Democracy,Guild monopolies,Urban militias,Vigiles,Wax-tablet votes,Plebeian councils,Election,Syncretism: Trade networks parallel to state,Appian Way,Mediterranean trade,<contentious>,Vitruvian engineering
Bantu Mfecane Councils,Ancestral iron,Gerontocratic Expansionism,Cattle loans,Temporary war parties,Assegai raids,Smelting rituals,Age grades,Age grades,Reform: Bantu expansion through iron-age governance,Iron smelting,Trans-African trade,<contentious>,Oral griots
Proto-Norse Thing Assemblies,Ting meadow,Archaic Democracy,Allodial plots,Temporary war parties,Berserker bands,Rune stone laws,Blót sacrifices,Consensus,Reform: Viking adaptability through outdoor law rocks,Rune stones,Baltic trade,<contentious>,Saga poetry
Zapotec Glyph-Judge System,Cosmic duality,Calendar Bureaucracy,Chinampas,Permanent warrior class,Jaguar warriors,Hieroglyph codices,Ballgame cult,Hereditary,Syncretism: Monte Albán zenith calendar courts,Cacao groves,Mesoamerican trade,<contentious>,260-day cycle
Berber Amazigh Councils,Tifinagh script,Tribal Democracy,Oasis gardens,Tribal militias,Camel cavalry,Tifinagh script,Matrilineage,Consensus,Crisis-Specific Innovation: Sahara-adaptive matrilineal clans,Foggaras,Trans-Saharan trade,<contentious>,Tuareg codes
La Tène Tribal Federations,Woad tattoos,Tribal Confederation,Amber trade,Temporary war parties,Chariots,Coin minting,Headhunting cult,Elective,Collapse/Rebirth: Roman conquest of decentralized clans,Sacred groves,Danube trade,<contentious>,Druidism
Rhodes Naval Oligarchy,Colossus cult,Maritime Plutocracy,Shipyards,Naval forces,Triremes,Bronze maritime laws,Helios worship,Election,Syncretism: Ptolemaic alliance maritime laws,Harbor chains,Aegean trade,<contentious>,Heliocentric models
Syracusan Mathematical Tyrants,Geometry proofs,Technocratic Tyranny,Siege engines,Mercenaries,Catapults,Geometry proofs,Pythagorean cult,Assassination,Collapse/Rebirth: Roman siege ending technocratic rule,Archimedes' screw,Magna Graecia,<contentious>,Planetary gears
Nabatean Water Merchants,Al-Uzza cult,Hydraulic Oligarchy,Incense trade,Tribal militias,Desert cisterns,Nabatean script,Caravan kinship,Hereditary,Crisis-Specific Innovation: Desert hydraulics and spice routes,Petra waterways,Incense Route,<contentious>,Hydraulic cement
Garamantian Foggaras,Ammon oracle,Hydraulic Autocracy,Date palms,Tribal militias,Libyan cavalry,Foggara maps,Saharan trade,Hereditary,Syncretism: Roman contact with underground canals,Underground canals,Trans-Saharan trade,<contentious>,Oasis mapping
Theban Sacred Band Oligarchy,Harmodius cult,Military Aristocracy,Hoplite farms,Permanent warrior class,Phalanx,Hoplite drills,Pederasty,Merit-based,Collapse/Rebirth: Macedonian conquest of warrior elite,Gymnasion,Hellenic leagues,<contentious>,Choral poetry
Qi Jixia Academy,Hundred Schools,Scholastic Meritocracy,Grain taxes,Standing army,Crossbowmen,Bamboo scrolls,Confucianism,Appointment,Reform: Legalist reforms through debate halls,Irrigation,Warring States,<contentious>,Mohist logic
Mauryan Arthashastra State,Dharma chakra,Police State,Spice warehouses,Standing army,War elephants,Palm-leaf edicts,Ashokan pillars,Hereditary,Reform: Edict system and spy bureaucracy,Dhamma missions,Indo-Roman trade,<contentious>,Zero concept
Yuezhi Nomad Diarchy,Sky god cult,Steppe Diarchy,Ferghana horses,Temporary war parties,Composite bows,Tamga symbols,Kurgan rites,Elective,Syncretism: Kushan transition from steppe diarchy,Silk Road caravans,Bactrian trade,<contentious>,Animal style
Sarmatian Female Warbands,Amazon cult,Gynocratic Militarism,Mare milk,Permanent warrior class,Scale armor,Tamga brands,Matrilineal,Matrilineal,Reform: Gothic pressure adapting matrilocal militarism,Kurgan burials,Pontic trade,<contentious>,Tattoo art
D'mt Beehive Councils,Moon temple,Melitocratic Theocracy,Honey tax,Tribal militias,Beehive forts,Wax tablets,Sabaean syncretism,Appointment,Collapse/Rebirth: Aksumite conquest of honey-tax system,Sacred bees,Red Sea trade,<contentious>,Astral religion
Bactrian Greek Syncretism,Heracles-Vajra,Cultural Hybrid Monarchy,Greek vineyards,Standing army,War elephants,Coin iconography,Zoro-Buddhism,Hereditary,Syncretism: Gandhara fusion of Hellenistic/Indian rule,Ai-Khanoum,Greek India,<contentious>,Greco-Buddhist art
Qin Legalism,Legalism,Totalitarian Autocracy,Standardized measures,Standing army,Terracotta army,Bamboo strip laws,Burning of books,Hereditary,Collapse/Rebirth: Rigid collapse from totalitarian autocracy,Great Wall,Silk Road,<contentious>,Standardized script
Han Dynasty Examination Prototype,Mandate of Heaven,Merit Bureaucracy,State monopolies,Standing army,Crossbow militias,Imperial exams,Confucianism,Appointment,Reform: Exam system precursor for meritocracy,Silk Road,Central Asian trade,<contentious>,Paper invention
Hopewell Copper Exchange,Earthwork geometry,Prestige Sphere,Copper trade,Tribal militias,Effigy pipes,Burial mound goods,Moundbuilder cult,Consensus,Syncretism: Climate shift adaptation through ritual trade,Sacred geometry,Mississippi trade,<contentious>,Astronomical mounds
Teotihuacan Theocratic Oligarchy,Feathered serpent,Urban Theocracy,Obsidian workshops,Permanent warrior class,Jaguar warriors,Artisan councils,Apartment compounds,Appointment,Reform: Mesoamerican hub through artisan councils,Avenue of the Dead,Maya trade,<contentious>,Tlalocan murals
Mogollon Pit-House Democracies,Kiva councils,Subterranean Democracy,Corn stores,Tribal militias,Atlatl gangs,Painted pottery,Kachina cult,Rotation,Crisis-Specific Innovation: Drought adaptation via subterranean councils,Pit-house villages,Southwest trade,<contentious>,Turquoise art
Kushan Devaputra,Buddha-King,Syncretic Monarchy,Gandhara trade,Standing army,Cataphracts,Bilingual coins,Kanishka cult,Hereditary,Syncretism: Silk Road zenith through syncretic monarchy,Mathura school,Central Asian trade,<contentious>,Greco-Buddhism
Silla Bone-Rank System,Hwarang code,Hereditary Stratocracy,Gold mines,Permanent warrior class,Hwarang warriors,Hwarang code,Buddhism,Hereditary,Collapse/Rebirth: Unification wars reshaping caste system,Seokguram,Korean trade,<contentious>,Hyangga poetry
Moche Sacrificial Hydraulics,Ai Apaec cult,Ritual Autocracy,Irrigation canals,Permanent warrior class,Macemen,Ceramic iconography,Blood rites,Dynastic,Collapse/Rebirth: El Niño collapse of ritual irrigation,Huaca del Sol,Andean trade,<contentious>,Goldsmithing
Moche Ceremonial Brewmasters,Chicha cult,Fermentation Socialism,Maize beer,Tribal militias,Spondylus armor,Pottery formulas,Shamanism,Appointment,Collapse/Rebirth: Drought collapse of fermentation socialism,Ceremonial vessels,Andean trade,<contentious>,Metallurgy
Champa Linga-Kings,Shiva lingam,Iconic Theocracy,Rice terraces,Standing army,Elephant corps,Sanskrit stelae,Mataram ties,Hereditary,Syncretism: Maritime Chams blending Hindu/local rule,My Son,Maritime Silk Road,<contentious>,Sandstone art
Blemmyes Desert Assemblies,Aniconic cult,Aniconic Democracy,Oasis control,Tribal militias,Shield walls,Shield iconography,Nubian links,Consensus,Collapse/Rebirth: Roman pressure on nomadic tribunals,Rock art,Eastern Desert trade,<contentious>,Nomadic law
Khotanese Buddhist Monarchy,Maitreya cult,Monastic Kingship,Silk caravans,Standing army,Khotanese cavalry,Gandhari scrolls,Gandharan art,Hereditary,Syncretism: Tarim oasis trilingual edicts,Dunhuang caves,Silk Road,<contentious>,Mahayana texts
Tairona Gold-Shaman Councils,Jaguar-shaman,Metallurgical Theocracy,Gold mines,Permanent warrior class,Lost-wax castings,Lost-wax castings,Coca rites,Apprenticeship,Collapse/Rebirth: Spanish conquest of metallurgical theocracy,Sierra Nevada,Buritaca trade,<contentious>,Tumbaga alloy
Mayan Ajaw System,K'uhul ajaw,Ritual Kingship,Cacao groves,Permanent warrior class,Obsidian blades,Hieroglyph stelae,Long Count,Hereditary,Reform: Classic collapse leading to calendar ritual adaptations,Sacred cenotes,Mesoamerican trade,<contentious>,Astronomical codices
Pallava Guild Republics,Varaha cult,Corporate Oligarchy,Textile guilds,Standing army,Monolithic rathas,Guild charters,Bhakti movement,Election,Syncretism: Dravidian synthesis through artisan collectives,Mamallapuram,Southeast Asian trade,<contentious>,Grantha script
Pictish Matrilineal Kings,Stone symbols,Matrilineal Monarchy,Salmon runs,Feudal levies,Brochs,Ogham stones,Celtic Christianity,Hereditary,Syncretism: Gaelic merger preserving female succession,Stones of Scotland,North Sea trade,<contentious>,Animal symbolism
Gupta Golden Age,Vishnu avatara,Cultural Hegemony,Spice trade,Standing army,Elephant armies,Sanskrit dramas,Hindu revival,Hereditary,Reform: Classical zenith through decentralized Hindu renaissance,Nalanda,Indian Ocean trade,<contentious>,Aryabhata
Ghana Empire Wagadu,Bida serpent,Commercial Theocracy,Gold dust,Standing army,Silent barter,Silent barter,Mande kinship,Elective,Syncretism: Trans-Saharan hub with silent barter traditions,Kumbi Saleh,Saharan trade,<contentious>,Griot oral history
Marajoara Amazonian Queens,Floodplain goddess,Gynocratic Hydraulics,Manioc fields,Tribal militias,Urn burials,Urn burials,Marajoara art,Hereditary,Collapse/Rebirth: European contact disrupting floodplain systems,Terra preta,Amazon trade,<contentious>,Ceramic urns
Visigothic Code Judges,Arian Christianity,Legal Syncretism,Latifundia,Feudal levies,Comitatus,Law books,Hispania fusion,Appointment,Syncretism: Muslim conquest ending Germanic-Roman hybrid courts,Toledo councils,Mediterranean trade,<contentious>,Breviary of Alaric
Sogdian Merchant-Republics,Zoroastrianism,Commercial Democracy,Caravan stops,Mercenaries,Sogdian mercenaries,Contract tablets,Silk Road syncretism,Rotation,Reform: Trans-Eurasian trade networks with rotating magistrates,Penjikent,Silk Road,<contentious>,Sogdian script
Frisian Tribal Thing,Sea law,Maritime Tribal Democracy,Peat lands,Tribal militias,Frisian axes,Thing votes,North Sea kinship,Consensus,Crisis-Specific Innovation: Dike innovation through coastal assemblies,Terpen mounds,Hanseatic trade,<contentious>,Runic law
Sogdian Merchant Caravanserais,Caravan gods,Caravan Oligarchy,Spice warehouses,Mercenaries,Sogdian contracts,Sogdian contracts,Samarkand bazaars,Appointment,Reform: Silk Road nodes with Zoroastrian guild governance,Afrasiab murals,Transoxiana,<contentious>,Sogdian art
Dalriada Gaelic Law Schools,Brehon law,Oral Jurisprudence,Cattle raids,Feudal levies,Ogham stones,Poetic recitals,Pictish fusion,Appointment,Collapse/Rebirth: Viking raids disrupting oral jurisprudence,Iona Abbey,Irish Sea trade,<contentious>,Celtic hagiography
Sao Clay Wall Cities,Terracotta cult,Ceramic Urbanism,Millet stores,Settlement militias,Clay ramparts,Pottery tallies,Chadic kinship,Appointment,Collapse/Rebirth: Kanem conquest of ceramic urbanism,Clay figurines,Sahel trade,<contentious>,Lost-wax
Irish Brehon Law,Filidh poets,Legalistic Meritocracy,Cattle law,Feudal levies,Bardic schools,Legal poetry texts,Clan tanistry,Appointment,Reform: Norman adaption of customary law,Beehive huts,Atlantic trade,<contentious>,Ogham script
Calusa Shell Mound Kingdom,Shell ring divinity,Shell Heap Monarchy,Shellfish beds,Tribal militias,Conch trumpet edicts,Conch trumpet edicts,Calusa water cult,Hereditary,Syncretism: Spanish contact with estuary pyramid builders,Shell mounds,Florida trade,<contentious>,Wood carvings
Chumash Tomol Canoe Guilds,Chumash sun cult,Nautical Craft Oligarchy,Acorn stores,Naval militias,Tomol canoes,Tide charts,Chumash astronomy,Hereditary,Crisis-Specific Innovation: Channel resilience through plank-canoe networks,Painted caves,California trade,<contentious>,Astronomical charts
Sámi Siida Councils,Sieidi stones,Pastoral Communalism,Reindeer herds,Tribal militias,Drum divination,Drum divination,Noaide shamanism,Consensus,Crisis-Specific Innovation: Arctic resilience through reindeer-herding units,Sacred stones,Fennoscandian trade,<contentious>,Yoik songs
Göktürk Orkhon Script Khans,Tengri cult,Nomadic Constitutional Monarchy,Steppe pastures,Temporary war parties,Orkhon inscriptions,Orkhon inscriptions,Turkic kinship,Elective,Reform: Runic law inscriptions for steppe governance,Bilge Khagan,Silk Road,<contentious>,Old Turkic
Wari Tinku Labor System,Ayar ancestor cult,Labor Militarism,Terraced farms,Standing army,Khipu records,Khipu records,Andean reciprocity,Rotation,Collapse/Rebirth: Drought collapse of ritual combat festivals,Wari roads,Andean trade,<contentious>,Tupu pins
Tang Dynasty Keju,Confucian exams,Merit Bureaucracy,Grand Canal,Standing army,Exam halls,Exam halls,Chan Buddhism,Testing,Reform: Civil service exam system institutionalization,Dunhuang library,Maritime Silk Road,<contentious>,Woodblock printing
Tang Fanzhen Clans,Clan prestige,Aristocratic Bureaucracy,Equal-field,Standing army,Jiedushi,Family registries,Chan Buddhism,Hereditary,Collapse/Rebirth: An Lushan rebellion weakening aristocratic exams,Dunhuang caves,Silk Road,<contentious>,Tributary system
Khazar Jewish Khaganate,Kabbalah syncretism,Elective Diarchy,Silk Road tolls,Standing army,Khazar cavalry,Hebrew coins,Rabbinic courts,Rotation,Syncretism: Multicultural steppe empire with dual religion,Sarkel fortress,Volga trade,<contentious>,Hebrew-Khazar
Srivijayan Maharaja Mandala,Borobudur cult,Naval Tributary Hegemony,Spice ports,Naval forces,Old Malay inscriptions,Old Malay inscriptions,Vajrayana Buddhism,Dynastic,Reform: Thalassocratic control through naval tributaries,Borobudur,Maritime Silk Road,<contentious>,Kawi script
Srivijayan Mandala,Tantric Buddhism,Maritime Tributary Hegemony,Pepper trade,Naval forces,Sanskrit inscriptions,Sanskrit inscriptions,Sumatran syncretism,Dynastic,Collapse/Rebirth: Chola invasion disrupting galactic polity,Palembang,Strait of Malacca,<contentious>,Sanskrit
Byzantine Theme System,Basileus divinity,Military Agrarianism,Thematic farms,Standing army,Taktika manuals,Taktika manuals,Orthodoxy,Appointment,Reform: Adaptive defense through farmer-soldier provinces,Hagia Sophia,Black Sea trade,<contentious>,Greek fire
Venetian Republic,Doge's ring,Aristocratic Republic,Arsenal shipyards,Naval forces,Ballottino voting,Ballottino voting,Civic humanism,Sortition,Reform: Maritime republic with elaborate election lotteries,Lagoon engineering,Mediterranean trade,<contentious>,Venetian glass
Kanem Duguwa Nomad-Kings,Sayf ibn Dhi Yazan,Mobile Pastoral Autocracy,Trans-Saharan trade,Temporary war parties,Camel caravans,Camel caravans,Kanembu clans,Elective,Syncretism: Sahara crossings through camel-borne dynasties,Lake Chad,Saharan trade,<contentious>,Duguwa
Anasazi Kiva Water Councils,Kachina cult,Hydraulic Democracy,Mesa Verde,Tribal militias,Petroglyph maps,Petroglyph maps,Pueblo cosmology,Rotation,Crisis-Specific Innovation: Drought adaptation via underground chambers,Chaco Canyon,Southwest trade,<contentious>,Solar markers
Viking Law Speakers,Thing assembly,Oral Jurisprudence,Allodial land,Temporary war parties,Berserker bands,Poetic recitals,Norse pantheon,Appointment,Reform: Legalistic expansion through memorized oral laws,Runestones,Baltic trade,<contentious>,Skaldic poetry
Welsh Cantrefi,Celtic law,Pastoral Segmentary State,Cywydd poetry,Feudal levies,Cywydd poetry,Welsh bards,Elective,3 (Norman pressure),Syncretism: Mabinogion traditions preserving pastoral rights,Irish Sea trade,<contentious>,Culhwch,
Orkney Jarl Sea-Kingdoms,Norse law,Archipelago Elective Monarchy,Sheep islands,Temporary war parties,Rune stone laws,Rune stone laws,Orcadian kinship,Election,Reform: Norse resilience through thing sites and runestones,Maeshowe,North Sea trade,<contentious>,Saga
Chachapoya Cloud Forest Clans,Cloud warrior cult,Geronocratic Militarism,Terrace farms,Permanent warrior class,Mummy bundles,Mummy bundles,Andean mummies,Hereditary,Collapse/Rebirth: Inca conquest of hilltop fortress culture,Kuelap,Amazon-Andes trade,<contentious>,Sarcophagi
Frisian Sea-Law Republics,Water rights,Hydraulic Democracy,Dike lands,Tribal militias,Terp mound laws,Terp mound laws,Frisian freedom,Election,Crisis-Specific Innovation: Polder model for hydraulic democracy,Terpen mounds,Hanseatic trade,<contentious>,Lex Frisionum
Frisian Moot Hall Democracy,Thing assembly,Hydraulic Democracy,Peat bogs,Tribal militias,Peat laws,Peat laws,Frisian kinship,Consensus,Crisis-Specific Innovation: Dike consensus through tidal-flat assemblies,Moot halls,Wadden trade,<contentious>,Water boards
Taino Cacique Matrilineage,Zemi cult,Avuncular Chiefdom,Cassava fields,Tribal militias,Duho stool councils,Duho stool councils,Areito dances,Hereditary,Collapse/Rebirth: Spanish collapse of avuncular chiefdoms,Cemis,Ceramic trade,<contentious>,Petroglyphs
Holy Roman Imperial Diarchy,Papal coronation,Decentralized Elective Empire,Reichstag,Feudal levies,Golden Bull,Golden Bull,Electors,Elective,Syncretism: Imperial reform through power-sharing,Aachen Cathedral,Italian trade,<contentious>,Gothic
Domari Blacksmith Networks,Tubal-cain cult,Guild Anarchy,Metalwork,Tribal militias,Oath-bound secrets,Oath-bound secrets,Romani law,Hereditary,Crisis-Specific Innovation: Nomadic resilience through secret languages,Ironwork,Trans-Mediterranean,<contentious>,Metalurgy
Khmer Devaraja,Devaraja cult,Divine Kingship,Rice warehouses,Standing army,Sanskrit inscriptions,Sanskrit inscriptions,Angkor Wat,Dynastic,Reform: Hydraulic empire with temple-focused divine kingship,Baray lakes,Maritime Silk Road,<contentious>,Apsara
Ghana Empire,Wagadu kingship,Ritual Monarchy,Gold caravans,Standing army,Drum communication,Drum communication,Mande clans,Hereditary,Collapse/Rebirth: Almoravid pressure on gold trade federation,Kumbi Saleh,Saharan trade,<contentious>,Griots
Pagan Temple-State,Bagan temples,Architectural Theocracy,Rice donations,Standing army,Pali inscriptions,Pali inscriptions,Theravada Buddhism,Hereditary,Collapse/Rebirth: Mongol invasion disrupting Buddhist networks,Bagan pagodas,Bay of Bengal,<contentious>,Mon
Chola Naval Assemblies,Chola bronzes,Thalassocratic Meritocracy,Naval docks,Naval forces,Copperplate votes,Copperplate votes,Bhakti movement,Election,Reform: Indian Ocean thalassocracy through elected admirals,Brihadeeswarar,Maritime Silk Road,<contentious>,Tamil
Toltec Warrior-Priest State,Quetzalcoatl,Stratocratic Theocracy,Obsidian mines,Permanent warrior class,Pictographic codices,Pictographic codices,Tula cult,Hereditary,Collapse/Rebirth: Drought collapse of militarized theocracy,Tula,Central Mexico,<contentious>,Atlantean
Toltec Warrior-Poet State,Quetzalcoatl,Stratocratic Theocracy,Obsidian mines,Permanent warrior class,Pictographic codices,Pictographic codices,Tula cult,Hereditary,Collapse/Rebirth: Drought collapse of military-artistic elite,Tula,Central Mexico,<contentious>,Toltecayotl
Pomeranian Veleti Tribal Republic,Svetovid cult,Amphibious Democracy,Amber trade,Tribal militias,Oak carving tallies,Oak carving tallies,Slavic paganism,Consensus,Collapse/Rebirth: German crusades against Baltic Slavic clans,Arkona,Baltic trade,<contentious>,Rani
Volga Bulgar Islamic Merchants,Volga trade,Commercial Theocracy,Fur trade,Standing army,Arabic contracts,Arabic contracts,Hanafi Islam,Appointment,Syncretism: Mongol adaption through imam-merchant councils,Bolghar,Volga trade,<contentious>,Epigraphy
Faroe Islands Løgting,Viking law,Arctic Democracy,Sheep farming,Tribal militias,Consensus voting,Consensus voting,Norse paganism,Rotation,Reform: Scandinavian continuity with gender quotas,Tinganes,North Atlantic,<contentious>,Sagas
Icelandic Commonwealth,Althing,Literary Anarchy,Saga writing,Tribal militias,Law rock recitals,Law rock recitals,Norse law,Consensus,Reform: Medieval republic through saga-based precedents,Skálholt,North Atlantic,<contentious>,Eddas
Icelandic Althing,Viking democracy,Arctic Democracy,Fishing rights,Tribal militias,Lawspeaker recitals,Lawspeaker recitals,Norse paganism,Elective,Reform: Oldest parliamentary tradition with outdoor deliberations,Thingvellir,North Atlantic,<contentious>,Grágás
Althingi Carbon-Neutral Parliament,Modern democracy,Sustainable Democracy,Geothermal,Standing army,Digital petitions,Digital petitions,Climate activism,Elections,Reform: 21st c. model through geothermal-powered governance,Reykjavik,Arctic Council,<contentious>,Althing
Nri Kingdom Pacifist Theocracy,Eze Nri,Pacifist Theocracy,Yam tubers,Non-violent resistance,Nsibidi scripts,Nsibidi scripts,Igbo cosmology,Appointment,Collapse/Rebirth: British pressure on iko peace system,Igbo-Ukwu,Trans-African,<contentious>,Nsibidi
Tongan Maritime Tui Empire,Tui Tonga,Thalassocratic Theocracy,Tapa cloth,Naval forces,Oral genealogies,Oral genealogies,Polynesian navigation,Hereditary,Syncretism: Lapita legacy in sacred canoe-borne nobility,Langi tombs,Pacific trade,<contentious>,Fale
Manx Tynwald,Norse-Celtic,Archaic Democracy,Herring fishery,Tribal militias,Rune stone laws,Rune stone laws,Celtic-Norse,Elective,Reform: Continuous parliament with moot hill traditions,Tynwald Hill,Irish Sea,<contentious>,Manx
Jomsviking Warrior Commune,Odin cult,Martial Monasticism,Pirate loot,Permanent warrior class,Initiation oaths,Initiation oaths,Norse paganism,Appointment,Collapse/Rebirth: Danish conquest of mercenary harbor,Jomsborg,Baltic raids,<contentious>,Sagas
Greenland Norse Althing,Viking law,Cryo-Democracy,Whale hunting,Tribal militias,Icehouse votes,Icehouse votes,Norse paganism,Rotation,Collapse/Rebirth: Little Ice Age ending cryo-democracy,Brattahlíð,North Atlantic,<contentious>,Vinland
Gotlandic Sea-Farmer Althing,Gutalag,Agrarian Thalassocracy,Gotlandic sheep,Tribal militias,Runic law stones,Runic law stones,Norse law,Consensus,Syncretism: Hanseatic ties balancing agriculture/piracy,Visby,Baltic trade,<contentious>,Guta
Ruthenian Viche,Slavic assembly,Tribal Democracy,Fur trade,Tribal militias,Bell assemblies,Bell assemblies,East Slavic,Consensus,Collapse/Rebirth: Mongol conquest of Slavic bell assemblies,Kievan Rus',Varangian,<contentious>,Pravda
Swahili Waungwana Councils,Shirazi myth,Urban Oligarchy,Indian Ocean trade,Naval forces,Arabic ledgers,Arabic ledgers,Swahili Islam,Hereditary,Syncretism: Portuguese contact with stone city aristocrats,Kilwa,Indian Ocean,<contentious>,Lamu
Nan Madol Coral Kingdoms,Saudeleur,Coral Theocracy,Megapode eggs,Naval forces,Basalt megaphones,Basalt megaphones,Pohnpei cult,Hereditary,Collapse/Rebirth: Climate collapse of artificial island city,Nan Madol,Micronesian,<contentious>,Basalt
Timucua Waterborne Councils,Water spirit,Lacustrine Democracy,Shellfish beds,Tribal militias,Shell gorgets,Shell gorgets,Mississippian,Consensus,Collapse/Rebirth: Spanish conquest of aquatic governance,Shell mounds,Florida,<contentious>,Shell
Finnish Kalevala Singing Governors,Sampo cult,Poetic Theocracy,Forest products,Tribal militias,Spell songs,Spell songs,Finnic paganism,Charismatic,Collapse/Rebirth: Christianization replacing poetic rule,Kalevala,Baltic,<contentious>,Runos
Sami Noaide Shamanic Bands,Sieidi stones,Animist Gerontocracy,Reindeer herds,Tribal militias,Drum divination,Drum divination,Sami animism,Charismatic,Crisis-Specific Innovation: Arctic resilience through trance-mediums,Sacred sieidi sites,Sápmi collaboration,<contentious>,Joik chants  
Tahitian Arioi Cult Society,Oro priesthood,Ritual Performance Oligarchy,Breadfruit groves,Tribal militias,Chant competitions,Chant competitions,Polynesian tapu,Initiation,Collapse/Rebirth: Missionary suppression of taboo system,Marae temples,Pacific voyaging networks,<contentious>,Oral genealogies  
Siberian Yukaghir Moon Calendar,Lunar totems,Selenocratic Anarchy,Caribou herds,Tribal militias,Carved bone calendars,Carved bone calendars,Arctic shamanism,Charismatic,Crisis-Specific Innovation: Tundra-adaptive lunar hunting bans,Star lore,Evenk alliances,<contentious>,Bone engravings  
Hawaiian Kapu System,Lono priesthood,Sacred Autocracy,Taro ponds,Permanent warrior class,Priestly proclamations,Priestly proclamations,Ali'i hierarchy,Hereditary,Collapse/Rebirth: Colonial collapse of taboo hierarchy,Ahupua'a zones,Pacific trade,<contentious>,Stellar navigation  
Hawaiian Ahupuaʻa System,Vertical ecology,Vertical Resource Communism,Fishponds,Tribal militias,Kapu sticks,Kapu sticks,Maka'ainana labor,Hereditary,Crisis-Specific Innovation: Sustainable yields through mountain-sea zones,Mauka-makai zoning,Polynesian exchange,<contentious>,Moon calendars  
Fijian Bati Warrior Guilds,Spirit warriors,Military Brotherhood,Yam mounds,Permanent warrior class,Club-carved laws,Club-carved laws,Kava ceremonies,Initiation,Collapse/Rebirth: Colonial co-optation of tattooed mercenaries,Tabu sites,Melanesian trade,<contentious>,Masi art  
Saho-Irob Mountain Democracies,Sacred peaks,Pastoral Democracy,Honey harvests,Tribal militias,Honey-sharing pacts,Honey-sharing pacts,Highland clans,Consensus,Crisis-Specific Innovation: Drought-resistant highland clans,Beehive stewardship,Red Sea trade,<contentious>,Rock art  
Yoruba Ogboni Earth Justice,Earth cult,Geomantic Democracy,Ikín divination,Tribal militias,Ikín divination,Ifá oracles,Consensus,3 (Colonial disruption),Syncretism: Sacred groves mediating geomantic democracy,Trans-Saharan routes,<contentious>,Ifá corpus  ,
Igbo Umunna Councils,Ancestral shrines,Segmentary Democracy,Yam barns,Tribal militias,Nsibidi symbols,Nsibidi symbols,Age-grade systems,Consensus,Reform: Conflict resolution through lineage-based councils,Ofo sticks,Bight of Benin trade,<contentious>,Mbari art  
Yupik Bladder Festival Rule,Animist ecology,Ritual Ecology,Seal hunts,Tribal militias,Bladder masks,Bladder masks,Winter ceremonies,Charismatic,Crisis-Specific Innovation: Arctic adaptation through seal rituals,Taboo hunting grounds,Bering Strait trade,<contentious>,Mask lore  
Marshallese Stick Chart Navigators,Wave patterns,Nautical Gerontocracy,Taro pits,Naval militias,Stick maps,Stick maps,Canoe guilds,Apprenticeship,Crisis-Specific Innovation: Oceanic wayfinding via hydrography,Coral atoll conservation,Micronesian trade,<contentious>,Stick charts  
Samoan Matai Talking Chiefs,Fa'a Samoa,Oratorial Democracy,Taro plantations,Tribal militias,Proverb debates,Proverb debates,Aiga kinship,Consensus,Reform: Resilient hierarchy through orator-chiefs,Va'a canoe networks,Polynesian confederacies,<contentious>,Tatau  
Nenets Yamal Clan Councils,Sacred sledges,Antler Democracy,Reindeer herds,Tribal militias,Bone notches,Bone notches,Shamanic clans,Consensus,Crisis-Specific Innovation: Nomadic flexibility with reindeer tallies,Permafrost protection,Arctic trade,<contentious>,Drum symbology  
Xingu Tribal Aquatic Law,River spirits,Fluvial Anarchy,Fish weirs,Tribal militias,Water glyphs,Water glyphs,Multi-ethnic pacts,Consensus,Crisis-Specific Innovation: Amazonian symbiosis through fishing taboos,Sacred waterfalls,Interfluvial trade,<contentious>,Body paint  
Faroese Sheep Court,Tinganes law,Pastoral Democracy,Wool production,Tribal militias,Stone boundary marks,Stone boundary marks,Norse kinship,Rotation,Reform: Scandinavian continuity in pasture governance,Grassland management,North Atlantic trade,<contentious>,Sheep tallies  
Seljuk Iqta System,Islamic iqta,Conditional Feudalism,Land grants,Standing army,Iqta contracts,Iqta contracts,Turkic-Muslim fusion,Appointment,Collapse/Rebirth: Mongol collapse of conditional land grants,Caravanserais,Silk Road,<contentious>,Persianate  
Almoravid Lamtuna Councils,Maliki fatwas,Theocratic Stratocracy,Oasis control,Standing army,Fatwa rulings,Fatwa rulings,Berber Islam,Consensus,Collapse/Rebirth: Almohad overthrow of desert codes,Desert cisterns,Trans-Saharan,<contentious>,Quranic  
Cahokia Birdman Dynasty,Mississippian cult,Astro-Theocracy,Maize stores,Tribal militias,Woodhenge calendars,Woodhenge calendars,Moundbuilder cult,Hereditary,Collapse/Rebirth: Drought collapse of Mississippian theocracy,Monks Mound,Mississippi trade,<contentious>,Copper plates  
Norman Feudal Domesday,Oath fealty,Bureaucratic Feudalism,Manorial rolls,Feudal levies,Domesday Book,Domesday Book,Chivalric codes,Appointment,Reform: Record-keeping for centralized land census,Castle networks,European trade,<contentious>,Latin  
Cuman Tribal Federations,Tengri worship,Equestrian Democracy,Steppe pastures,Temporary war parties,Balbals (statues),Balbals (statues),Turkic clans,Consensus,Collapse/Rebirth: Mongol absorption of steppe federations,Kurgan burials,Pontic trade,<contentious>,Tamgas  
Great Zimbabwe Rain Priests,Mwari cult,Architectural Theocracy,Gold mines,Standing army,Star maps,Star maps,Shona lineage,Hereditary,Collapse/Rebirth: Trade decline ending monsoon astronomy,Great Enclosure,Indian Ocean,<contentious>,Soapstone  
Frisian Sea-Law Tribunals,Wadden law,Hydraulic Jurisprudence,Dike taxes,Tribal militias,Wadden assemblies,Wadden assemblies,Frisian freedom,Election,Reform: Maritime law through tidal customary courts,Terpen mounds,Hanseatic,<contentious>,Waterrecht  
Kanem-Bornu Sufi Knights,Islamic scholarship,Islamic Stratocracy,Trans-Saharan trade,Standing army,Ajami scripts,Ajami scripts,Sufi orders,Appointment,Crisis-Specific Innovation: Saharan resilience through camel cavalry,Lake Chad,Sahel routes,<contentious>,Kanuri  
Mossi Naam Militias,Ancestral vows,Gerontocratic Militarism,Millet fields,Permanent warrior class,Initiation scars,Initiation scars,Age-set warriors,Rotation,Collapse/Rebirth: French resistance ending age-grade warriors,Sacred groves,Volta trade,<contentious>,Dagomba  
Maldivian Furya Coral Councils,Islamic coral law,Islamic Atoll Democracy,Tuna fisheries,Naval militias,Coral engravings,Coral engravings,Atoll kinship,Consensus,Crisis-Specific Innovation: Sea-level adaptation through coral mosques,Coral mosques,Indian Ocean,<contentious>,Dhivehi  
Pueblo Kiva Councils,Kachina cult,Theocratic Democracy,Corn storage,Tribal militias,Oral traditions,Oral traditions,Clan moieties,Consensus,Crisis-Specific Innovation: Drought adaptation via underground councils,Taos Pueblo,Southwest trade,<contentious>,Petroglyphs  
Romani Kris Councils,Nomadic law,Nomadic Jurisprudence,Caravan trade,Tribal militias,Oral precedents,Oral precedents,Vitsa kinship,Appointment,Crisis-Specific Innovation: Diaspora resilience through traveling courts,Taboo codes,Trans-European,<contentious>,Patrin  
Venetian Arsenal Guilds,State corporatism,Industrial Corporatism,Ship timber,Naval forces,Guild votes,Guild votes,Artisan pride,Promotion,Reform: Naval innovation through state-run shipyard collectives,Lagoon management,Mediterranean,<contentious>,Guild  
Khmer Water Mandala,Devaraja cult,Hydro-Theocracy,Rice irrigation,Standing army,Sanskrit hydrology,Sanskrit hydrology,Angkor cosmology,Hereditary,Collapse/Rebirth: Monsoon shifts disrupting hydraulic mandala,Baray lakes,Mekong trade,<contentious>,Naga  
Novgorod Veche Republic,Birchbark democracy,Urban Democracy,Fur trade,Urban militias,Birchbark letters,Birchbark letters,Veche assembly,Election,Syncretism: Hanseatic ties with bell-summoned merchant assemblies,Kremlin walls,Baltic trade,<contentious>,Pskov  
Haudenosaunee (Iroquois) Great Law of Peace,Peacemaker,Participatory Confederation,Three Sisters,Tribal confederation forces,Wampum diplomacy,Wampum diplomacy,Clan mothers,Consensus,Reform: Confederacy model requiring unanimous decisions,Longhouse,Great Lakes,<contentious>,Wampum  
Cathar Perfecti Councils,Gnostic elect,Egalitarian Theocracy,Textile trade,Religious militias,Secret gospels,Secret gospels,Dualist rites,Initiation,Collapse/Rebirth: Crusade destruction of dualist communes,Montségur,Languedoc,<contentious>,Cathar  
Hanseatic Kontor,Commercial Autonomy,Merchant courts,Trade monopolies,Private security,Hanseatic seals,Warehouse laws,Catholicism,Election,Syncretism: Commercial autonomy + extraterritorial privileges,German merchant enclaves with extraterritorial privileges,Venetian fondaco,Medium (trade security),Commercial ledgers
Bavarian Beer Hall Communes,Brewery Corporatism,Taverne courts,Guild monopolies,Urban militias,Brewmaster councils,Water purity laws,Catholicism,Appointment,Reform: Municipal breweries as civic governments,Municipal breweries as de facto civic governments,Hanseatic guilds,Low (localized),Brewing records
Javanese Kabuyutan Councils,Scholastic Oligarchy,Poetry debates,Esoteric knowledge,Religious militias,Palm-leaf manuscripts,Sacred forests,Hindu-Buddhism,Co-optation,Syncretism: Hindu-Buddhist scholastic oligarchy,Hindu-Buddhist forest universities as policy hubs,Tibetan monasteries,Low (localized),Palm-leaf knowledge systems
Kven Arctic Trader Networks,Bilingual Meritocracy,Ski races,Cultural mediation,Tribal militias,Rune stick tallies,Taiga corridors,Syncretic,Apprenticeship,Crisis Innovation: Bilingual meritocracy for Arctic trade,Sami-Norse hybrid traders governing winter routes,Inuit,Low (localized),Runic tallies
Rapa Iti Tūtae Councils,Guano Egalitarianism,Dance-offs,Fertilizer control,Tribal militias,Bird-nest tallies,Terrace composting,Polynesian religion,Rotation,Collapse/Rebirth: Guano-based island collectives,Bird-guano fertilizer collectives governing tiny islands,Easter Island,None (localized),Oral traditions
Rapa Nui Tangata Manu Trials,Ritual Meritocracy,Ordeal trials,Physical prowess,Tribal militias,Rongorongo tablets,Terrace farming,Birdman cult,Competition,Collapse/Rebirth: Ritual meritocracy post-ecological stress,Annual birdman competitions for clan leadership,Mayan ballgame,Low (island limitations),Rongorongo script
Rapa Nui Birdman Cult,Ritual Meritocracy,Ordeal trials,Physical prowess,Tribal militias,Rongorongo tablets,Terrace farming,Makemake religion,Competition,Collapse/Rebirth: Competition system after resource depletion,Annual competition for clan leadership via egg hunting,Mayan ballgame,Low (island limitations),Rongorongo script
Benin Oba Eweka Dynasty,Palace Bureaucracy,Ordeal trials,Guild monopolies,Standing army,Uzama council votes,Sacred groves,Edo religion,Hereditary,Reform: Palace bureaucracy with guild checks,West African sacred kingship with guild bureaucracy,Khmer devaraja, Ashanti confederacy,<unknown>
Benin Oba Divine Kingship,Theocratic Bureaucracy,Oracle trials,Ritual authority,Standing army,Uzama council,Sacred groves,Benin religion,Hereditary,Syncretism: Sacred monarchy + bronze guilds,Sacred monarchy with guild-based bronze bureaucracy,Khmer devaraja, Egyptian pharaohs,<unknown>
Evenk Tungus Clan Federations,Forest Band Democracy,Archery contests,Trapping skill,Tribal militias,Bark pictographs,Controlled burns,Shamanism,Consensus,Crisis Innovation: Birchbark treaty systems for taiga,Mobile taiga hunters with birchbark treaty systems,Mongol tribes, Native Algonquins,<unknown>
Alpine Pastoral Communes,Common-Pool Resource Governance,Mediation elders,Use-rights,Tribal militias,Alp voting rounds,Seasonal meadows,Christian/Animism,Rotation,Crisis Innovation: Rotational grazing commons,High-altitude shared grazing systems with rotational management,Andean ayllus, Norse félags,<unknown>
Maluku Sasi Harvest Bans,Ritual Resource Communism,Mediation sticks,Ancestral laws,Tribal militias,Bamboo calendars,Forest taboos,Animism,Consensus,Crisis Innovation: Ritual resource communism,Sacred seasonal prohibitions (sasi) on nutmeg/cloves; Village-enforced harvest bans,Hawaiian kapu, Swiss alpine rules; Japanese iriai,<unknown>
Inuit Qaggiq Ice-Block Parliaments,Cryo-Democracy,Song duels,Survival skills,Tribal militias,Drum dances,Sea ice tracking,Animism,Consensus,Crisis Innovation: Seasonal ice-block conflict resolution,Seasonal ice-block meetings for conflict resolution; Snow-house assemblies for inter-band disputes,San Xaro, Iroquois talking circles; Iroquois longhouse,<unknown>
Cornish Stannary,Mineral Rights Autonomy,Jury courts,Tin monopoly,Tribal militias,Stannary charters,Stream management,Celtic Christianity,Elective,Reform: Tin-mining autonomous parliaments,Tin-mining districts with autonomous parliaments,Swiss cantons, Iroquois league,<unknown>
Mongolian Kurultai,Steppe Elective Monarchy,Tribal debates,Military loyalty,Temporary war parties,Secret History,Seasonal camps,Tengrism,Acclamation,Syncretism: Steppe elective monarchy + imperial council,Nomadic imperial council electing khans via consensus,Hunnic assemblies, Göktürk Orkhon Script Khans,<unknown>
Delhi Sultanate Slave Kings,Slave Dynasty,Qazi courts,Military slavery,Standing army,Firman decrees,Stepwells,Sunni Islam,Appointment,Reform: Slave-soldier bureaucracy (Mamluk model),Ex-military slaves ruling via Persian bureaucracy,Mamluk Egypt, Ottoman devshirme,<unknown>
Magna Carta Baronage,Feudal Constitutionalism,Common law courts,Land ownership,Feudal levies,Charter clauses,Forest laws,Catholicism,Inheritance,Reform: Feudal constitutionalism,Feudal contract limiting royal power via council,Polish Golden Liberty, US Constitution,<unknown>
Transylvanian Saxon Seats,Ethnic Corporatism,Saxon courts,Privileged status,Urban militias,Stuhlvogt elections,Forest laws,Lutheranism,Appointment,Syncretism: Ethnic autonomy charters,German immigrant towns with ethnic autonomy charters,Teutonic Order, Hanseatic cities,<unknown>
Teutonic Ordensstaat,Military Theocracy,Trial by combat,Divine mandate,Permanent warrior class,Brick fortresses,Drained wetlands,Catholicism,Election,Reform: Crusader-monk military theocracy,Crusader-monk state ruling via brick castle networks,Knights Hospitaller, Tibetan lama-state,<unknown>
Mali Mansa Rule,Sacred Monarchy,Quranic judges,Pilgrimage prestige,Standing army,Griot archives,Niger irrigation,Islam,Hereditary,Syncretism: Islamic sacred monarchy + griot historians,Gold-rich empire with griot historians and royal pilgrims,Ghana Empire, Solomon's Temple,<unknown>
Golden Horde Yam System,Equestrian Bureaucracy,Horse relays,Logistics control,Standing army,Passeport plaques,Steppe conservation,Islam/Tengrism,Appointment,Crisis Innovation: Mounted postal network as administration,Mounted postal network as de facto administration,Inca chasquis, Persian angaria,<unknown>
Lithuanian Pagan Kings,Sacred Kingship,Ritual combat,Divine mandate,Feudal levies,Sacred oak groves,Forest burning,Baltic polytheism,Hereditary,Collapse/Rebirth: Forest monarchy resisting Christianization,Forest-based monarchy resisting Christianization,Aztec priesthood, Norse pagans,<unknown>
Rhenish City Leagues,Urban Confederacy,Commercial courts,Trade routes,Urban militias,Ratification diets,River patrols,Catholicism,Treaties,Reform: Shared legal codes for commercial federations,Commercial federations with shared legal codes,Hanseatic League, Iroquois Confederacy,<unknown>
Genoese Black Sea Colonies,Plutocratic Colonialism,Arbitration panels,Trade monopolies,Naval forces,Notarial contracts,Salt pan management,Catholicism,Appointment,Syncretism: Merchant oligarchies in Crimean ports,Italian merchant oligarchies ruling Crimean ports,Venetian Republic, Phoenician colonies,<unknown>
Yuan Semu Caste System,Ethnocratic Feudalism,Khan's justice,Conquest legacy,Standing army,Tax codes,Postal stations,Lamaism,Hereditary,Reform: Ethnocratic feudalism (Mongol hierarchy),Mongol-imposed ethnic hierarchy (Mongols > Semu > Han),Spanish casta, Indian varna,<unknown>
Andorran Co-Principality,Parliamentary Diarchy,Tribunal courts,Feudal relics,Feudal levies,General Council votes,Hydroelectric dams,Catholicism,Election,Reform: Parliamentary diarchy (oldest surviving),Unique diarchy with French president + Spanish bishop as co-rulers,Spartan dual kingship, Holy Roman Empire,<unknown>
Swiss Cantonal Militias,Participatory Republic,Popular courts,Civic militia,Citizen militia,Landsgemeinde votes,Alpine grazing,Protestantism,Rotation,Reform: Participatory republic with rotating leadership,Direct democracy with rotating peasant-soldier leadership,Athenian democracy, Iroquois league,<unknown>
Majapahit Terracotta Bureaucracy,Ceramic Meritocracy,Ordeal by fire,Administrative exams,Standing army,Clay seal stamps,Volcanic soil management,Hindu-Buddhist,Appointment,Syncretism: Ceramic meritocracy (clay administrators),Thousands of terracotta officials administering Java,Chinese keju, Qin legalism,<unknown>
Venetian Merchant Oligarchy,Plutocratic Republic,Council of Ten,Trade monopolies,Naval forces,Ballottino system,Lagoon engineering,Catholicism,Sortition,Reform: Plutocratic lottery system,Wealth-qualified patricians ruling via elaborate lotteries,Dutch Republic, Carthage,<unknown>
Māori Umu Tī Earth Oven Parleys,Culinary Democracy,Food-sharing rituals,Prestige feasting,Tribal militias,Cooking pit layouts,Terraced gardens,Polynesian religion,Oratory skill,Crisis Innovation: Feast-based land negotiations,Feast-based negotiations over sweet potato (kūmara) plots,Potlatch, African palaver,<unknown>
Māori Iwi River Federations,Riverine Stratocracy,Ritual combat,Mana (prestige),Tribal militias,Carved meeting houses,Eel weirs,Polynesian religion,Hereditary,Crisis Innovation: Riverine stratocracy (fortified pā),Tattooed warlords managing fortified pā villages,Iroquois longhouses, Zulu kraals,<unknown>
Buganda Clan-Based Monarchy,Segmentary Monarchy,Clan mediation,Lineage prestige,Standing army,Luganda proverbs,Wetland farming,Ancestor worship,Hereditary,Syncretism: Segmentary monarchy (52 clan roles),52 patrilineal clans (ssiga) each managing royal functions,Holy Roman Empire, Japanese shōen,<unknown>
Timbuktu Qadi Scholar-Judges,Scholastic Theocracy,Mosque debates,Religious knowledge,Religious militias,Arabic manuscripts,Saharan water laws,Sunni Islam,Appointment,Reform: Scholastic theocracy (Sankore fatwas),Islamic jurists ruling via Sankore University fatwas,Medieval Paris, Baghdad House of Wisdom,<unknown>
Wolof Garmi Anti-Corruption,Anti-Feudal Autocracy,Public audits,Administrative skill,Standing army,Arabic ledgers,Sahel farming,Islam,Appointment,Reform: Royal slave auditors,Royal slaves (jaami-buur) auditing noble administrations,Ottoman devshirme, Chinese censors,<unknown>
Wolof Ceddo Slave Armies,Military Caste System,Poetic jousts,Military service,Permanent warrior class,Grionic epics,Savanna burning,African traditional,Hereditary,Syncretism: Non-Muslim military caste balance,Non-Muslim warrior caste balancing Muslim clerics,Spartan helots, Ottoman kapıkulu,<unknown>
Ayutthaya Elephant Bureaucracy,Zoocratic Meritocracy,Animal trials,Royal pachyderms,Standing army,Elephant registers,Canal networks,Theravada Buddhism,Appointment,Crisis Innovation: Zoocratic meritocracy,White elephant administrators ranking officials,Khmer, Mughal mansabdars,<unknown>
Lan Xang Million Elephant Kings,Pachyderm Feudalism,Royal duels,Animal prestige,Standing army,White elephant edicts,Forest conservation,Theravada Buddhism,Hereditary,Syncretism: Buddhist elephant militias,Buddhist kings mobilizing war-elephant militias,Khmer, Burmese Toungoo,<unknown>
Hanseatic League,Commercial Confederation,Kontor courts,Trade monopolies,Naval forces,Hanseatic diets,Port maintenance,Catholicism,Election,Reform: Commercial confederation with extraterritorial posts,Merchant guild federation with extraterritorial trading posts,Venetian Republic, Phoenician colonies,<unknown>
Rhenish Hanseatic Cities,Urban Commercial League,Merchant courts,Commercial treaties,Urban militias,Hanseatic diets,Warehouse laws,Catholicism,Election,Reform: Urban commercial league (shared laws),Merchant oligarchies with shared trade laws,Venetian Republic, Swahili city-states,<unknown>
Ragusan Aristocratic Republic,Maritime Oligarchy,Rector's court,Patrician lineages,Naval forces,Small Council votes,Quarantine laws,Catholicism,Sortition,Reform: Maritime oligarchy (patrician senate),Adriatic city-state ruled by patrician senate with slave galleys,Venetian Republic, Genoa,<unknown>
Ming Yellow Register Census,Statistical Autocracy,Mutual surveillance,Administrative control,Standing army,Paper ledgers,Tree planting,Neo-Confucianism,Hereditary,Reform: Statistical autocracy (corvée quotas),Population registers enforcing corvée labor quotas,Inca quipu, Ottoman defters,<unknown>
Kongo Mbanza Council,Sacred Urbanism,Oracle trials,Ritual authority,Standing army,Nsibidi glyphs,Agroforestry,Syncretic Christianity,Rotation,Syncretism: Sacred urbanism + elected advisors,Spiral-planned capital with elected noble advisors,Benin City, Roman Curia,<unknown>
Bamum Script Bureaucracy,Literate Autocracy,Calligraphy contests,Script knowledge,Standing army,Shümom script,Fish ponds,Bamum religion,Appointment,Reform: Literate autocracy (invented script),Syllabic-writing administrators under king-scholars,Korean hangul, Cherokee syllabary,<unknown>
Joseon Confucian Bureaucracy,Neo-Confucian State,Hyangyak courts,Scholarly prestige,Standing army,Exam halls,Seed banks,Confucianism,Exams,Reform: Neo-Confucian civil service exams,Meritocratic civil service under royal secretariats,Chinese keju, British civil service,<unknown>
Malacca Straits Mandala,Maritime Tributary,Qadi courts,Naval dominance,Naval forces,Malay legal codes,Mangrove conservation,Syncretic Islam,Dynastic,Syncretism: Hindu-Muslim maritime tributary,Hindu-Muslim port kingdom with rotating tribute alliances,Majapahit, Swahili city-states,<unknown>
Scottish Tacksmen,Gaelic Semi-Feudalism,Bardic mediation,Kin obligations,Feudal levies,Rental ledgers,Runrig farming,Presbyterianism,Hereditary,Collapse/Rebirth: Gaelic semi-feudalism post-Clearances,Clan-based leaseholders managing Highland estates,Iroquois land chiefs, Russian pomestye,<unknown>
Circassian Xabze Councils,Egalitarian Jurisprudence,Blood feuds,Honor code,Tribal militias,Proverb courts,Alpine pastures,Syncretic Islam,Consensus,Crisis Innovation: Mountain customary law,Oral law councils enforcing mountain customary law,Iroquois league, Swiss cantons,<unknown>
Akan Amanhene Gold States,Sacred Commerce Monarchy,Ordeal trials,Spiritual authority,Standing army,Adinkra symbols,Sacred groves,Ancestor worship,Elective,Syncretism: Sacred commerce monarchy (gold stools),Gold-trading kingdoms with sacred stool rituals,Ashanti, Mali Empire,<unknown>
Jukun Aku Oracle Kings,Hydraulic Theocracy,Divination rites,Ritual authority,Standing army,Rainmaking staffs,Floodplain farming,Jukun religion,Hereditary,Crisis Innovation: Hydraulic theocracy (flood control),Divine kings controlling Benue River floods,Shang dynasty, Olmec,<unknown>
Kiribati Maneaba Councils,Coral Communalism,Dance mediation,Consensus building,Tribal militias,Shell money,Tide cycle management,Animism,Rotation,Crisis Innovation: Coral slab consensus governance,Communal meeting houses with coral slab seating,Iroquois longhouses, Greek stoas,<unknown>
Vlax Rom Baro Systems,Tribal Gerontocracy,Kris trials,Kin networks,Tribal militias,Family councils,None,Orthodox Christianity,Hereditary,Collapse/Rebirth: Tribal gerontocracy (mobile clans),"Patriarchal clan alliances with elected ""big men""",Bedouin sheikhs, Corsican clans,<unknown>
Aztec Triple Alliance,Tributary Stratocracy,Tlaxcalan courts,Military prowess,Permanent warrior class,Poetry contests,Chinampas,Aztec religion,Elective,Syncretism: Tributary stratocracy + flower wars,Military confederacy with flower wars and sacrifice,Spartan league, Iroquois confederacy,<unknown>
Ryukyu Gusuku Trade Kingdom,Diplomatic Autonomy,Poetry contests,Trade neutrality,Naval forces,Peabody books,Coral reef protection,Ryukyuan religion,Hereditary,Syncretism: Diplomatic autonomy (China/Japan/Siam),Tribute state balancing China/Japan/S.E. Asia,Venetian Republic,<unknown>,<unknown>  
Ryukyu Maritime Tributary,Diplomatic Autonomy,Poetry contests,Neutrality diplomacy,Naval forces,Pleiades star charts,Coral reef taboos,Ryukyuan animism,Hereditary,Syncretism: Neutrality diplomacy (multi-state balance),Island kingdom balancing China, Japan,<unknown>,<unknown>  
Inca Tawantinsuyu,Labor Autocracy,Mit'a service,State redistribution,Standing army,Quipu accounting,Terrace farming,Inca religion,Hereditary,Reform: Labor autocracy (mit'a system),Socialist empire with state warehouses and labor taxes,Soviet kolkhozes, Egyptian corvée,<unknown>
Ottoman Millet System,Confessional Autonomy,Sharia courts,Gunpowder weapons,Standing army,Firman decrees,Water fountains,Sunni Islam,Dynastic,Syncretism: Confessional autonomy (religious pluralism),Religious autonomies under centralized Muslim rule,Habsburg pluralism, Mughal sulh-i-kul,<unknown>
Pampas Querandí Nomadism,Pastoral Egalitarianism,Running contests,Equine mobility,Temporary war parties,Bola tallies,Grassland burning,Animism,Consensus,Collapse/Rebirth: Pastoral egalitarianism post-horses,Mobile hunter bands with shared grazing rights,Comanche, Mongol nutug,<unknown>
Breton Parish Closes,Sacred Communalism,Pardon ceremonies,Religious taxes,Religious militias,Churchwarden votes,Calvary sculptures,Catholicism,Rotation,Reform: Sacred communalism (walled churchyards),Village theocracies managing enclos paroissiaux (walled churchyards),Irish monastic settlements, Spanish cofradías,<unknown>
Sami Reindeer Herding Units,Nomadic Commons,Elder mediation,Customary law,Tribal militias,Siida councils,Seasonal migration,Sami animism,Consensus,Crisis Innovation: Nomadic commons (Arctic grazing),Pastoral cooperatives managing Arctic grazing lands,Mongolian nutug, Swiss alpine communes,<unknown>
Shilluk Divine Kingship,Fluid Theocracy,Ritual drowning,Spiritual embodiment,Standing army,Spear ordeals,Nile flood recession,Nyikang cult,Elective,Syncretism: Fluid theocracy (river spirit embodiment),Sacred kings (reth) embodying river spirit Nyikang,Egyptian pharaohs, Jukun aku,<unknown>
Sinti Musical Guilds,Caste Corporatism,Artistic duels,Artistic purity,Tribal militias,Guild rules,None,Protestantism,Apprenticeship,Collapse/Rebirth: Caste corporatism (persecution response),Endogamous musician families with strict apprenticeship,Medieval minstrels, Indian gharanas,<unknown>
Kalderash Gold-Smithing Dynasties,Transnational Guildism,Gold purity tests,Technical secrets,Tribal militias,Kinship contracts,None,Orthodox Christianity,Matrilocal,Syncretism: Transnational guildism (metalwork clans),Metallurgy clans with transnational marriage alliances,Hindu jatis, Venetian guilds,<unknown>
Sennar Funj Sultanate,Military Syncretism,Camel duels,Martial Islam,Standing army,Arabic-Meroitic scrolls,Flood recession farming,Islam-Meroitic,Usurpation,Syncretism: Military syncretism (Islamicized Kushite),Nile-based slave soldiers ruling via Islamicized Kushite rites,Mamluk Egypt, Bornu,<unknown>
Mughal Mansabdari System,Ranked Feudalism,Qazi courts,Cavalry ranks,Standing army,Dashtera rolls,Stepwells,Islam,Appointment,Reform: Ranked feudalism (military bureaucracy),Rank-based military bureaucracy with land revenue,Ottoman timar, Qin commanderies,<unknown>
Habsburg Composite Monarchy,Personal Union,Reichsrat courts,Dynastic marriage,Standing army,Familienpakt decrees,Wine terraces,Catholicism,Hereditary,Syncretism: Personal union (dynastic pluralism),Dynastic union of disparate kingdoms under one crown,British Empire, EU,<unknown>
Cossack Sich Republic,Military Democracy,Whipping posts,Cossack liberty,Temporary war parties,Rada assemblies,Steppe patrols,Orthodox Christianity,Election,Reform: Military democracy (elected hetmans),Self-governing warrior communes with elected hetmans,Swiss cantons, Pirate articles,<unknown>
Mapuche Parlamento Confederacy,Diplomatic Federation,Combat trials,Military prestige,Tribal militias,Silver-tipped staff debates,Forest management,Mapuche religion,Consensus,Crisis Innovation: Diplomatic federation (treaty systems),Inter-tribal assemblies with Spanish-Mapudungun treaties,Iroquois confederacy, Swiss cantons,<unknown>
Polish-Lithuanian Elective Monarchy,Szlachta Democracy,Land courts,Noble consensus,Standing army,Sejm debates,Forest management,Catholicism,Elective,Reform: Szlachta democracy (noble elections),Nobility-elected kings with liberum veto,Holy Roman Empire, Papal conclave,<unknown>
Powhatan Paramount Chiefdom,Hierarchical Chiefdom,Tribute ceremonies,Tribute wealth,Tribal militias,Wampum belts,Fire-stick farming,Algonquian animism,Matrilineal,Syncretism: Hierarchical chiefdom (tributary network),Tributary network under werowance (paramount chief),Hawaiian ali'i, West African kingdoms,<unknown>
Dutch Republic States-General,Confederal Oligarchy,Admiralty courts,Trade wealth,Naval forces,Stadtholder debates,Dike maintenance,Calvinism,Appointment,Reform: Confederal oligarchy (provincial veto),Merchant oligarchy with provincial veto powers,Venetian Republic, Swiss cantons,<unknown>
Luba Bambudye Memory State,Mnemocratic Oligarchy,Initiation trials,Secret knowledge,Standing army,Beaded codex,Fish-trap engineering,Ancestor worship,Co-optation,Crisis Innovation: Mnemocratic oligarchy (lukasa boards),Elders encoding laws in lukasa memory boards,Inca quipu, Druidic ogham,<unknown>
Tahitian Arioi Society,Ritual Performance Oligarchy,Dance-offs,Artistic skill,Tribal militias,Chant competitions,Sacred groves,Polynesian religion,Initiation,Collapse/Rebirth: Ritual performance oligarchy,Elite artist-priests enforcing taboo systems,Druidic bards, Japanese tengu,<unknown>
Maroon Palenque Republics,Military Communalism,Combat trials,Defensive prowess,Tribal militias,Palisade votes,Jungle farming,Syncretic religions,Election,Collapse/Rebirth: Military communalism (escaped slaves),Escaped slave communities with elected warlords,Spartan agōgē, Haitian revolution,<unknown>
Lunda Ruwej Matrilineacy,Gynocentric Federation,Dance arbitration,Matrilineal bloodline,Standing army,Drum codes,Forest corridors,Ancestor worship,Appointment,Reform: Gynocentric federation (female rulers),Female rulers (Ruwej) appointing male warlords,Khasi clans, Mosuo,<unknown>
Dahomey Mino Amazon State,Gynocratic Stratocracy,Combat trials,Military prowess,Permanent warrior class,Appliqué cloth records,Sacred forests,Vodun,Appointment,Reform: Gynocratic stratocracy (female regiments),All-female regiments (Mino) with king-veto power,Spartan women, Byzantine empresses,<unknown>
Kuba Bushong Cloth Kings,Artistic Monarchy,Mask performances,Creative prestige,Standing army,Ivory accounting,Forest reserves,Bushoong religion,Hereditary,Crisis Innovation: Artistic monarchy (textile currency),Raffia textile currency regulated by royal artists,Byzantine silk guilds, Inca quipu,<unknown>
Imbangala Kilombo,Age-Set Stratocracy,Combat trials,Military prowess,Permanent warrior class,Initiation scars,Maroon agriculture,Syncretic animism,Age grades,Collapse/Rebirth: Age-set stratocracy (youth camps),Military youth camps transforming into states,Spartan agōgē, Zulu impi,<unknown>
Romanichal Wagon Republics,Wagon Democracy,Tribunal fires,Mobility,Tribal militias,Unwritten codes,Roadside foraging,Methodism,Consensus,Collapse/Rebirth: Wagon democracy (mobile law),Mobile wagon circles with horse-trading laws,Berber caravans, Boer trekkers,<unknown>
Koryak Reindeer-Oracle System,Zoomantic Theocracy,Spirit battles,Animal omens,Tribal militias,Shoulder blade divination,Tundra burning,Animism,Charismatic,Crisis Innovation: Zoomantic theocracy,Shamans interpreting reindeer behavior for decisions,Siberian Yukaghir, Sami noaidi,<unknown>
Ket Yenisei Fish-Taboo Councils,Fluvial Taboo Communism,Shamanic trials,Spiritual ecology,Tribal militias,Notched stick records,Spawning bans,Animism,Consensus,Crisis Innovation: Fluvial taboo communism,Siberian river clans enforcing piscatorial sacred laws,Ainu, Northwest Coast tribes,<unknown>
Lozi Litunga Flood Kings,Hydro-Monarchy,River oracles,Flood control,Standing army,Drum signals,Levee construction,Nyambe worship,Hereditary,Crisis Innovation: Hydro-monarchy (flood migrations),Divine kings managing Zambezi floods via seasonal migrations,Egyptian pharaohs, Khmer hydraulics,<unknown>
Tokugawa Bakufu,Stratocratic Feudalism,Samurai courts,Daimyō hostages,Standing army,Sankin-kōtai,Coppice forestry,Shinto/Confucianism,Hereditary,Reform: Stratocratic feudalism (hostage system),Feudal military rule with sankin-kōtai hostage system,Spartan diarchy, Chinese commanderies,<unknown>
Tokugawa Sankin-Kotai,Stratocratic Feudalism,Seppuku rituals,Gunpowder control,Standing army,Alternate attendance laws,Coppice forestry,Neo-Confucianism,Hereditary,Reform: Alternate attendance control,Daimyo hostage system ensuring feudal loyalty,Qin legalism, Ottoman devshirme,<unknown>
Bermudian Parliamentary Hybrid,Colonial Democracy,Privy Council appeals,Crown appointment,Naval forces,Two-tier voting,Coral reef protection,Protestantism,Elections,Syncretism: Colonial democracy (electoral college),Oldest British overseas legislature with unique electoral college,UK Parliament, US electoral college,<unknown>
Kalmyk Khanate Nomadic Parliament,Lamaist Nomadism,Meditation debates,Reincarnation lineage,Temporary war parties,Tibetan scrolls,Desert wells,Vajrayana Buddhism,Elective,Syncretism: Lamaist nomadism (mobile assembly),Buddhist steppe state with mobile assembly tents,Tibetan theocracy, Mongol kurultai,<unknown>
Qing Lifan Yuan Tributaries,Imperial Indirect Rule,Fealty ceremonies,Tribal loyalty,Standing army,Manchu documents,Grassland bans,Lamaism,Appointment,Reform: Imperial indirect rule (tributary management),Manchu agency managing Mongol/Tibetan/Uyghur vassals,British Raj, Roman foederati,<unknown>
Tibetan Ganden Phodrang,Monastic Theocracy,Kashag courts,Reincarnation lineage,Religious militias,Monk assemblies,Snow lion conservation,Vajrayana Buddhism,Appointment,Syncretism: Monastic theocracy (reincarnation lineage),Buddhist monastic state under Dalai Lama's rule,Papal States, Khmer devaraja,<unknown>
Qing Dynasty Banner System,Ethnocratic Meritocracy,Censorate courts,Ethnic privilege,Standing army,Imperial exams,Granaries,Confucianism,Hereditary,Reform: Ethnocratic meritocracy (banner hierarchy),Ethnic-military caste hierarchy under Confucian bureaucracy,Ottoman janissaries, Soviet nomenklatura,<unknown>
Leveller Agitators,Revolutionary Democracy,Council votes,Popular sovereignty,Revolutionary militias,Pamphlet debates,Common land,Protestantism,Election,Collapse/Rebirth: Revolutionary democracy (army radicals),Radical soldier-democrats drafting People's Agreements,Athenian democracy, Paris Commune,<unknown>
Digger Communes,Pre-Marxist Communism,Nonviolence,Land equity,Non-violent resistance,Manifesto writing,Collective planting,Christian radicalism,Consensus,Collapse/Rebirth: Pre-Marxist communism (land collectives),Agrarian socialists cultivating common land,Kibbutzim, Zapatista caracoles,<unknown>
Pirate Articles,Nautical Democracy,Marlinspike tribunals,Combat skill,Naval forces,Quartermaster votes,None,Situational ethics,Election,Reform: Nautical democracy (elected captains),Shipboard democracies with elected captains and loot shares,Swiss cantons, Viking things,<unknown>
Barbuda Communal Land System,Communal Land Trust,Elder mediation,Tradition,Tribal militias,Town hall votes,Mangrove protection,Anglican,Consensus,Crisis Innovation: Communal land trust (post-slavery),Caribbean island with collective land ownership since slavery,Israeli kibbutz, Andean ayllu,<unknown>
British Parliamentary System,Representative Democracy,Common law,Class privilege,Standing army,Party whips,Enclosure acts,Protestantism,Elections,Reform: Representative democracy (constitutional evolution),Constitutional monarchy with party-based ministerial rule,Swedish Riksdag, Japanese Diet,<unknown>
Blackfoot Confederacy,Plains Federation,Mediation circles,Military reciprocity,Tribal militias,Pictographic calendars,Prairie burning,Blackfoot spirituality,Consensus,Crisis Innovation: Plains federation (buffalo-hunting alliance),Intertribal buffalo-hunting alliance with warrior societies,Iroquois league, Mongol kurultai,<unknown>
Haida Potlatch Governance,Prestige Hierarchy,Shaming rituals,Accumulated wealth,Tribal militias,Gift feasts,Forest stewardship,Animism,Competitive,Crisis Innovation: Prestige hierarchy (wealth redistribution),Ranked gift-giving system redistributing wealth,Pacific Northwest potlatch, Bronze Age prestige economies,<unknown>
Tlingit Potlatch Confederacy,Prestige Hierarchy,Shaming rituals,Wealth destruction,Tribal militias,Crest pole carving,Forest stewardship,Animism,Inheritance,Crisis Innovation: Clan-based gift economy,Clan-based gift economies with totemic crests,Haida, Kwakwakaʼwakw,<unknown>
Merina Andriana Castes,Hydro-Aristocracy,Trial by poison,Rice symbolism,Standing army,Oracle rice,Irrigation systems,Malagasy animism,Hereditary,Reform: Hydro-aristocracy (rice irrigation hierarchy),Hierarchical clans under sacred rice kings,Hindu varnas, Polynesian ali'i,<unknown>
Chukchi Whalebone Assemblies,Cetacean Democracy,Ordeal by cold,Bone architecture,Tribal militias,Rib engravings,Shoreline quotas,Shamanism,Consensus,Crisis Innovation: Cetacean democracy (whale-rib councils),Coastal clans governing via whale-rib meeting circles,Inuit, Koryak,<unknown>
Tswana Kgotla,Consensual Chiefdom,Elder mediation,Tribal authority,Tribal militias,Town hall debates,Rangeland management,African traditional,Inheritance,Reform: Consensual chiefdom (public assemblies),Public assembly dispute resolution under kgosi (chiefs),Igbo assemblies, Athenian ecclesia,<unknown>
Malagasy Fokonolona,Agrarian Communalism,Tangena trials,Social harmony,Tribal militias,Elder councils,Terraced irrigation,Ancestor worship,Consensus,Crisis Innovation: Agrarian communalism (taboo enforcement),Village assemblies enforcing taboos and rice terracing,Balinese subak, Japanese mura,<unknown>
Fante Asafo Companies,Corporate Militarism,Satire songs,Social pressure,Tribal militias,Flag communication,Sacred lagoons,Ancestor worship,Election,Reform: Corporate militarism (militia guilds),Militia guilds balancing chiefly power through satire,Zulu impi, Venetian arsenal,<unknown>
Vanuatu Nimangki Grade-taking,Prestige Economy,Pig-killing rites,Gift accumulation,Tribal militias,Tusk-shaped money,Forest gardening,Animism,Competitive,Crisis Innovation: Prestige economy (competitive feasting),Competitive feasting system for status advancement,Potlatch, Kwakiutl,<unknown>
Irish Traveller Cant Systems,Oral Microstates,Fistfighting,Kin loyalty,Tribal militias,Cant negotiations,None,Catholicism,Patriarchal,Collapse/Rebirth: Oral microstates (secret languages),Extended family units with secret trading languages,Shelta, Polari,<unknown>
Arctic Nenets Yamal Councils,Antler Democracy,Ritual combat,Animal wealth,Tribal militias,Bone notches,Permafrost protection,Shamanism,Consensus,Crisis Innovation: Antler democracy (reindeer tallies),Tundra nomads voting via reindeer-antler tallies,Inuit qaggiq, Sami siida,<unknown>
Ashanti Golden Stool Confederacy,Ritual Federation,Ordeal trials,Spiritual authority,Standing army,Adinkra symbols,Sacred groves,Ancestor worship,Elective,Syncretism: Ritual federation (sacred stool),Sacred stool unifying 50 states under oath-sworn vassals,Holy Roman Empire, Iroquois league,<unknown>
Sikh Misldar Confederacy,Military Democracy,Akal Takht courts,Cavalry shares,Tribal militias,Gurmata votes,Canals,Sikhism,Election,Reform: Military democracy (warrior collectives),Warrior-chieftain collectives pooling military resources,Iroquois league, Cossack hosts,<unknown>
Liechtenstein Direct Monarchy,Monarchical Democracy,Royal courts,Dynastic wealth,Standing army,Popular referendums,Alpine conservation,Catholicism,Initiative,Reform: Monarchical democracy (citizen veto),Microstate where citizens can veto/privatize government,Swiss cantons, Venetian republic,<unknown>
Aleut Unangan Whalebone Chiefs,Maritime Oligarchy,Harpoon duels,Whale wealth,Tribal militias,Bone ledger carvings,Kelp forest bans,Animism,Hereditary,Reform: Communal theocracy (tithing economy),Whale-hunting aristocrats ruling via jawbone thrones,Tlingit, Haida,<unknown>
Konbaung Hluttaw,Bureaucratic Absolutism,Foot-kissing ceremonies,Royal patronage,Standing army,Palm-leaf decrees,Irrigation canals,Theravada Buddhism,Appointment,Crisis Innovation: Maritime oligarchy (whalebone rule),King-controlled parliament of ministerial slaves,Siamese sakdina, Persian divan,<unknown>
Metis Buffalo Councils,Pastoral Democracy,Jigging contests,Hunting skill,Tribal militias,Winter count skins,Grassland conservation,Catholic/Animism,Election,Reform: Bureaucratic absolutism (ministerial slaves),Mixed-ethnicity hunters governing through buffalo hunts,Cossack hosts, Cowboy collectives,<unknown>
Haitian Revolutionary Councils,Revolutionary Communalism,Popular tribunals,Military charisma,Revolutionary militias,Assembly debates,Soil conservation,Vodou/French Rev.,Election,Crisis Innovation: Pastoral democracy (buffalo hunts),Slave revolt committees evolving into constitutional rule,Soviet soviets, Paris Commune,<unknown>
Freetown Settler Democracy,Creole Republic,Jury trials,Black Loyalist ethos,Standing army,Town meetings,Swamp drainage,Protestantism,Election,Collapse/Rebirth: Revolutionary communalism (slave revolt),Liberated slave self-rule with hybrid Akan-British systems,Haitian revolution, Liberian settlement,<unknown>
Batavian Republic,Revolutionary Republic,Revolutionary courts,Enlightenment ideals,Standing army,National Assembly votes,Polder drainage,Secularism,Coup d'état,Collapse/Rebirth: Creole republic (liberated slaves),French-backed revolutionary unitary state,American Republic, Roman Republic,<unknown>
Napoleonic Meritocracy,Revolutionary Technocracy,Court martial,Military merit,Standing army,Lycée exams,Road building,Secularism,Appointment,Collapse/Rebirth: Revolutionary republic (French-backed),Technocratic empire with standardized exams and titles,Chinese keju, Prussian bureaucracy,<unknown>
Cheyenne Council of 44,Tribal Federation,Mediation circles,Moral authority,Tribal militias,Consensus councils,Buffalo conservation,Native spirituality,Election,Reform: Revolutionary technocracy (standardized exams),Intertribal peace chiefs with military societies,Iroquois confederacy, Greek amphictyonies,<unknown>
Palauan Stone Money Yap,Lithic Monetaryism,Oral contracts,Wealth display,Tribal militias,Rai stone ledgers,Lagoon conservation,Animism,Inheritance,Crisis Innovation: Tribal federation (peace chiefs),Limestone disc currency governing social hierarchy,Bitcoin, Rosetta Stone,<unknown>
Yenish Horse-Tribes,Seasonal Tribalism,Mediation fairs,Route knowledge,Tribal militias,Sign languages,Mountain routes,Syncretic,Consensus,Crisis Innovation: Lithic monetaryism (stone currency),Alpine peddler networks with winter assembly sites,Sami siida, Appalachian traders,<unknown>
Scottish Traveller Peat Laws,Resource Customalism,Fistfights,Ancestral rights,Tribal militias,Unwritten boundaries,Bog conservation,Presbyterianism,Inheritance,Collapse/Rebirth: Seasonal tribalism (peddler networks),Turf-cutting territories governed by elder families,Inuit hunting grounds, Aboriginal songlines,<unknown>
Åland Islands Neutrality,Insular Neutralism,Conciliation boards,Diplomatic status,Non-violent resistance,Treaty referendums,Marine conservation,Lutheranism,Treaty-based,Crisis Innovation: Resource customalism (turf territories),Demilitarized archipelago with rotating Nordic oversight,Liechtenstein, Andorra,<unknown>
Zanzibar Clove Plantation Councils,Plutocratic Plantocracy,Kadhi courts,Slave labor,Standing army,Majlis debates,Coral stone aqueducts,Islam,Hereditary,Reform: Insular neutralism (Nordic oversight),Arab-Omani landowners ruling via spice trade monopolies,Caribbean sugar councils, Venetian galley system,<unknown>
Zulu Impi Regiments,Gerontocratic Militarism,Combat trials,Age hierarchy,Permanent warrior class,Induna councils,Kraal rotation,Ancestor worship,Appointment,Syncretism: Plutocratic plantocracy (spice monopolies),Age-grade warrior bands replacing tribal structures,Spartan agōgē, Ottoman janissaries,<unknown>
Utopian Socialist Colonies,Intentional Communities,Public confessions,Labor notes,Non-violent resistance,Constitution drafts,Orchards,Christian socialism,Consensus,Reform: Gerontocratic militarism (age-grade regiments),Experimental communes with shared property,Kibbutzim, Fourier phalanxes,<unknown>
Cherokee Constitutional Republic,Assimilationist Democracy,Circuit courts,Literacy,Tribal militias,Sequoyah script,Forest management,Christian/Animist,Election,Collapse/Rebirth: Intentional communities (experimental),Native American constitutional state with syllabic writing,US government, Iroquois league,<unknown>
Maohi Tapu System,Neo-Traditional Theocracy,Elder mediation,Cultural revival,Tribal militias,Oral proclamations,Coral reef bans,Maohi religion,Consensus,Reform: Assimilationist democracy (syllabic writing),Revived traditional sacred prohibitions (tapu),Hawaiian kapu, Māori rahui,<unknown>
Sorbian Serbski Sejm,Ethnic Autonomy,Folk courts,Language rights,Tribal militias,Cultural votes,Wendish schools,Lutheranism,Election,Reform: Neo-traditional theocracy (revived tapu),Slavic minority parliament under German/Saxon rule,Welsh Eisteddfod, Sami assemblies,<unknown>
Swiss Consensus Democracy,Consociationalism,Federal courts,Cantonal power,Citizen militia,Popular initiatives,Alpine conservation,Protestantism,Rotation,Collapse/Rebirth: Ethnic autonomy (Slavic minority),Direct democracy with rotating executive and veto points,Iroquois confederacy, Athenian democracy,<unknown>
Manush Circus Kingdoms,Showmanship Autocracy,Acrobatic duels,Artistic lineage,Tribal militias,Family charters,None,Catholicism,Hereditary,Reform: Consociationalism (direct democracy),Circus families with hereditary performance rights,Indian kalaripayattu, Japanese kabuki,<unknown>
Taiping Heavenly Kingdom,Millenarian Socialism,Self-criticism sessions,Charismatic leadership,Revolutionary militias,Land reform edicts,Collective farming,Syncretic Christianity,Appointment,Collapse/Rebirth: Showmanship autocracy (performance dynasties),Christian revolutionary state with gender equality,Munster rebellion, Paris Commune,<unknown>
Liechtenstein Direct Democracy,Constitutional Principality,Landtag courts,Dual sovereignty,Standing army,Popular initiatives,Alpine conservation,Catholicism,Referendum,Collapse/Rebirth: Millenarian socialism (Christian revolt),Microstate with citizen-initiated referendums and princely veto,Swiss cantons, Athenian democracy,<unknown>
Meiji Oligarchy,Developmental Autocracy,Imperial courts,Industrial cliques,Standing army,Ito Constitution,Rail networks,State Shinto,Hereditary,Reform: Constitutional principality (referendums),Westernizing technocrats ruling through emperor,Prussian reformers, Chinese Self-Strengthening,<unknown>
Paris Commune,Proletarian Dictatorship,People's tribunals,Labor power,Revolutionary militias,District assemblies,Workshop control,Secularism,Election,Reform: Developmental autocracy (Westernizing),Revolutionary socialist direct democracy (72-day experiment,Soviet workers' councils, Rojava communes,<unknown>
Bamum Scriptocracy,Graphic Autocracy,Calligraphy duels,Literacy control,Standing army,Shümom script,Fishpond engineering,Bamum religion,Appointment,Collapse/Rebirth: Proletarian dictatorship (72-day experiment),Literate autocracy with invented writing system,Korean hangul, Cherokee syllabary,<unknown>
Pavee Road Councils,Itinerant Contractalism,Wall punching,Labor solidarity,Tribal militias,Handshake deals,None,Christianity,Consensus,Reform: Graphic autocracy (invented script),Asphalt-laying collectives with mobile dispute systems,Navajo road crews, Afghan kuchis,<unknown>
Kibbutz Movement,Utopian Communalism,Mediation teams,Labor equality,Non-violent resistance,General assembly,Vegan farming,Judaism/Communism,Rotation,Collapse/Rebirth: Itinerant contractualism (road crews),Voluntary socialist communes with rotating leadership,Hutterite colonies, Spanish collectives,<unknown>
Weimar Coalition Governance,Parliamentary Democracy,Constitutional courts,Party factions,Standing army,Reichstag votes,Welfare state,Secularism,Elections,Reform: Utopian communalism (rotating leadership),Fragile proportional democracy with emergency decrees,Israeli Knesset, French Fourth Republic,<unknown>
Tuvan People's Republic,Nomadic Socialist Republic,People's courts,Labor credits,Tribal militias,Khural votes,Steppe conservation,Vajrayana Buddhism,Election,Collapse/Rebirth: Parliamentary democracy (fragile),Buddhist-socialist nomadic state under Soviet protection,Mongolian PR, Tibetan theocracy,<unknown>
Soviet Republics System,Federal Socialist Autocracy,People's Courts,Party nomenklatura,Standing army,Politburo votes,Five-Year Plans,State Atheism,Appointment,Syncretism: Nomadic socialist republic (Buddhist-socialist),Ethno-territorial autonomies under centralized party rule,Austro-Hungarian dualism, EU federalism,<unknown>
UN Trusteeship Councils,Tutelary Democracy,Adjudication panels,Great Power oversight,Standing army,Petition systems,Land reform,Secularism,Appointment,Reform: Federal socialist autocracy (ethno-territorial),Decolonization oversight with graduated self-rule,League mandates, EU enlargement committees,<unknown>
United Nations Security Council,Oligarchic Multilateralism,ICJ rulings,P5 privilege,Standing army,Veto voting,Climate accords,Secularism,Permanent seats,Reform: Tutelary democracy (decolonization),Great-power veto system with peacekeeping forces,Concert of Europe, HRE Imperial Diet,<unknown>
Apartheid Bantustans,Racial Autocracy,Tribal courts,White supremacy,Standing army,Pass laws,Homeland councils,Dutch Reformed,Appointment,Syncretism: Oligarchic multilateralism (veto system),Ethnically segregated puppet states under white rule,US Jim Crow, Israeli settlements,<unknown>
Tokelau Village Atoll Consensus,Micro-Atoll Democracy,Shared meals,Maritime equity,Non-violent resistance,Consensus meetings,Lagoon protection,Christianity,Rotation,Collapse/Rebirth: Racial autocracy (puppet states),Rotating leadership among three coral atolls,Swiss cantons, Iroquois league,<unknown>
Cuban Revolutionary Committees,Revolutionary Corporatism,People's tribunals,Party loyalty,Standing army,CDR meetings,Urban gardens,Marxism,Appointment,Crisis Innovation: Micro-atoll democracy (rotation),Block-level surveillance and welfare distribution system,Soviet soviets, Chinese danwei,<unknown>
Singaporean Technocracy,Computational Autocracy,Caning penalties,Expertise,Standing army,Algorithmic policy,Land reclamation,Secular pragmatism,Co-optation,Reform: Revolutionary corporatism (block-level),Meritocratic one-party state with predictive governance,Venetian Republic, Qin legalism,<unknown>
Botswana Tribal Democracy,Resource Traditionalism,Chiefs' courts,Tribal authority,Standing army,Kgotla consensus,Wildlife conservation,Christian/Animist,Elections,Reform: Computational autocracy (predictive governance),Diamond-rich constitutional monarchy with tribal kgotlas,Norwegian SWF, Ashanti golden stool,<unknown>
Tanzanian Ujamaa Villages,Participatory Socialism,Community courts,Self-reliance,Tribal militias,Village councils,Soil conservation,African socialism,Election,Reform: Resource traditionalism (diamond-funded),Julius Nyerere's African socialist collectivization,Israeli kibbutzim, Soviet kolkhozes,<unknown>
United Arab Emirates Tribal Technocracy,Neo-Tribal Autocracy,Sharia courts,Oil wealth,Standing army,Royal decrees,Solar farms,Islam,Hereditary,Collapse/Rebirth: Microstate autonomy (offshore platform),Bedouin monarchy with futuristic city-states,Venetian merchant rule, Singaporean planning,<unknown>
Libyan Jamahiriya,Direct People's Authority,Revolutionary committees,Charismatic rule,Standing army,Basic People's Congresses,Desert irrigation,Third International Theory,Consensus,Syncretism: Neo-tribal autocracy (futurism),Gaddafi's 'state of the masses' with direct congresses,Athenian democracy, Soviet soviet system,<unknown>
Nordic Sami Parliaments,Ethnic Autonomy,Reconciliation panels,Cultural rights,Non-violent resistance,Assembly votes,Land use planning,Animism/Christianity,Election,Collapse/Rebirth: Direct people's authority (Gaddafi experiment),Indigenous representative bodies with limited sovereignty,Inuit circumpolar council, Native American tribes,<unknown>
Norwegian Sovereign Wealth Democracy,Petro-Social Democracy,Ombudsman courts,Resource trust,Standing army,Ethical guidelines,Pension fund ethics,Secularism,Elections,Reform: Ethnic autonomy (indigenous representation),Oil-funded welfare state with transparency mechanisms,Alaska Permanent Fund, UAE investment,<unknown>
Indian Panchayati Raj,Decentralized Participatory Democracy,Local courts,Caste/class balancing,Standing army,Gram sabha votes,Watershed management,Secular pluralism,Election,Reform: Petro-social democracy (oil fund ethics),Village councils with gender/reservation quotas,Swiss cantons, Iroquois league,<unknown>
European Union Governance,Multilevel Governance,ECJ rulings,Brussels bureaucracy,Standing army,Qualified majority voting,Green Deal,Secularism,Appointment,Reform: Decentralized participatory democracy (village quotas),Supranational technocracy with subsidiarity principle,Holy Roman Empire, Swiss cantons,<unknown>
Post-Apartheid Ubuntu Democracy,Inclusive Constitutionalism,Constitutional Court,ANC dominance,Standing army,Truth Commission,Land reform,African humanism,Elections,Syncretism: Multilevel governance (supranational),Reconciliation-based constitutionalism with tribal elements,Canadian pluralism, Iroquois consensus,<unknown>
Zapatista Caracoles,Autonomous Municipalism,Good gov boards,Grassroots power,Revolutionary militias,Assembly consensus,Lacandon forestry,Mayan cosmology,Rotation,Reform: Inclusive constitutionalism (reconciliation),Indigenous anarchist communes with rotational leadership,Rojava, Paris Commune,<unknown>
Rwandan Unity Government,Inclusive Authoritarianism,Gacaca courts,Performance-based,Standing army,Grassroots councils,Land reform,Mixed religions,Appointment,Collapse/Rebirth: Autonomous municipalism (indigenous anarchism),Post-genocide power-sharing with gender quotas,South African reconciliation, Singaporean pragmatism,<unknown>
Ubuntu Councils,Reconciliation Democracy,Community dialogues,Social harmony,Non-violent resistance,Truth Commission,Land reform,Ubuntu philosophy,Consensus,Reform: Inclusive authoritarianism (power-sharing),Post-apartheid restorative justice through communal courts,Rwandan gacaca, Zapatista caracoles,<unknown>
Kerala People’s Planning,Participatory Socialism,Social audits,Land reform,Standing army,Gram sabhas,Backwater conservation,Secular communism,Election,Reform: Reconciliation democracy (restorative justice),Decentralized socialist governance with 40% female participation,Porto Alegre PB, Rojava communes,<unknown>
Estonian Digital Democracy,E-Government,Data embassies,Cybersecurity,Standing army,Online voting,Digital ID,Secularism,Elections,Reform: Participatory socialism (40% female inclusion),E-governance with blockchain-secured citizen participation,Singaporean tech, Athenian democracy,<unknown>
Bhutanese Gross National Happiness,Ethical Monarchy,Monk arbitration,Karma-based,Standing army,Happiness surveys,Forest conservation,Vajrayana Buddhism,Democratic transition,Reform: E-government (blockchain participation),Buddhist constitutional monarchy prioritizing ecology/culture,Swiss cantons, Ashoka's edicts,<unknown>
Bitcoin Decentralized Governance,Cryptographic Anarchy,Fork arbitration,Proof-of-work,Non-violent resistance,Hash power voting,None,Cypherpunk,Forking,Reform: Ethical monarchy (happiness metrics),Blockchain-based consensus without central authority,Medieval merchant law, Swiss cantons,<unknown>
Bolivian Plurinational State,Multinational Socialism,Community justice,Ethnic quotas,Standing army,Popular referendums,Pachamama laws,Syncretic Catholicism,Elections,Crisis Innovation: Cryptographic anarchy (consensus),Indigenous autonomies within socialist central government,Zapatista caracoles, Canadian First Nations,<unknown>
Icelandic Crowdsourced Constitution,Digital Direct Democracy,Crowdsourced drafts,Social capital,Standing army,Online forums,Geothermal ethics,Secularism,Consensus,Syncretism: Multinational socialism (indigenous autonomies),Citizen-drafted constitution via social media consensus,Chilean experiment, Athenian democracy,<unknown>
Rojava Democratic Confederalism,Libertarian Municipalism,Restorative justice,Grassroots power,Revolutionary militias,People's assemblies,Water cooperatives,Secular pluralism,Consensus,Collapse/Rebirth: Neo-liberal enclaves (autonomous zones),Kurdish feminist eco-socialism with communal councils,Spanish anarchism, Zapatista caracoles,<unknown>
Taiwanese Digital Democracy,Liquid Democracy,Fact-checkers,Digital literacy,Standing army,Pol.is voting,Cybersecurity,Secularism,Elections,Collapse/Rebirth: Libertarian municipalism (Kurdish feminism),AI-assisted policymaking with citizen participation platforms,Estonian e-gov, Swiss referendums,<unknown>
Chilean Constitutional Experiment,Participatory Constitutionalism,Indigenous councils,Social media,Standing army,Assembly debates,Glacier protection,Secularism,Elections,Crisis Innovation: Energy democracy (local councils),Grassroots constitutional convention with gender parity,Icelandic crowdsourcing, US Constitutional Convention,<unknown>
